split,horizon,model,origin_week,target_week,actual,prediction,residual
cv,1,last_value,2025-09-22,2025-09-29,9351.0,9498.0,-147.0
cv,1,rolling_mean_4w,2025-09-22,2025-09-29,9351.0,10339.0,-988.0
cv,1,seasonal_naive_52w,2025-09-22,2025-09-29,9351.0,34344.0,-24993.0
cv,1,ets,2025-09-22,2025-09-29,9351.0,10144.112565681558,-793.1125656815584
cv,1,ridge_log_history,2025-09-22,2025-09-29,9351.0,7227.086036513232,2123.913963486768
cv,1,xgb_target_history,2025-09-22,2025-09-29,9351.0,8603.5712890625,747.4287109375
cv,1,xgb_gdelt_features,2025-09-22,2025-09-29,9351.0,10912.8173828125,-1561.8173828125
cv,1,xgb_gdelt_world_bank,2025-09-22,2025-09-29,9351.0,11816.583984375,-2465.583984375
cv,1,last_value,2025-09-29,2025-10-06,11013.0,9351.0,1662.0
cv,1,rolling_mean_4w,2025-09-29,2025-10-06,11013.0,10655.5,357.5
cv,1,seasonal_naive_52w,2025-09-29,2025-10-06,11013.0,24974.0,-13961.0
cv,1,ets,2025-09-29,2025-10-06,11013.0,9906.17879597709,1106.82120402291
cv,1,ridge_log_history,2025-09-29,2025-10-06,11013.0,7464.69362206006,3548.30637793994
cv,1,xgb_target_history,2025-09-29,2025-10-06,11013.0,9417.7412109375,1595.2587890625
cv,1,xgb_gdelt_features,2025-09-29,2025-10-06,11013.0,10089.828125,923.171875
cv,1,xgb_gdelt_world_bank,2025-09-29,2025-10-06,11013.0,10199.966796875,813.033203125
cv,1,last_value,2025-10-06,2025-10-13,10751.0,11013.0,-262.0
cv,1,rolling_mean_4w,2025-10-06,2025-10-13,10751.0,10150.25,600.75
cv,1,seasonal_naive_52w,2025-10-06,2025-10-13,10751.0,21154.0,-10403.0
cv,1,ets,2025-10-06,2025-10-13,10751.0,10238.225157183962,512.7748428160376
cv,1,ridge_log_history,2025-10-06,2025-10-13,10751.0,8330.135382354916,2420.864617645084
cv,1,xgb_target_history,2025-10-06,2025-10-13,10751.0,9631.2802734375,1119.7197265625
cv,1,xgb_gdelt_features,2025-10-06,2025-10-13,10751.0,10181.75390625,569.24609375
cv,1,xgb_gdelt_world_bank,2025-10-06,2025-10-13,10751.0,10303.2861328125,447.7138671875
cv,1,last_value,2025-10-13,2025-10-20,7634.0,10751.0,-3117.0
cv,1,rolling_mean_4w,2025-10-13,2025-10-20,7634.0,10153.25,-2519.25
cv,1,seasonal_naive_52w,2025-10-13,2025-10-20,7634.0,18993.0,-11359.0
cv,1,ets,2025-10-13,2025-10-20,7634.0,10392.057610028773,-2758.0576100287726
cv,1,ridge_log_history,2025-10-13,2025-10-20,7634.0,8142.377176426255,-508.37717642625466
cv,1,xgb_target_history,2025-10-13,2025-10-20,7634.0,9719.32421875,-2085.32421875
cv,1,xgb_gdelt_features,2025-10-13,2025-10-20,7634.0,10208.4140625,-2574.4140625
cv,1,xgb_gdelt_world_bank,2025-10-13,2025-10-20,7634.0,10278.2705078125,-2644.2705078125
cv,1,last_value,2025-10-20,2025-10-27,7976.0,7634.0,342.0
cv,1,rolling_mean_4w,2025-10-20,2025-10-27,7976.0,9687.25,-1711.25
cv,1,seasonal_naive_52w,2025-10-20,2025-10-27,7976.0,15416.0,-7440.0
cv,1,ets,2025-10-20,2025-10-27,7976.0,9564.64032702014,-1588.6403270201408
cv,1,ridge_log_history,2025-10-20,2025-10-27,7976.0,6621.827967983033,1354.172032016967
cv,1,xgb_target_history,2025-10-20,2025-10-27,7976.0,9194.4658203125,-1218.4658203125
cv,1,xgb_gdelt_features,2025-10-20,2025-10-27,7976.0,9271.04296875,-1295.04296875
cv,1,xgb_gdelt_world_bank,2025-10-20,2025-10-27,7976.0,9211.896484375,-1235.896484375
cv,1,last_value,2025-10-27,2025-11-03,7670.0,7976.0,-306.0
cv,1,rolling_mean_4w,2025-10-27,2025-11-03,7670.0,9343.5,-1673.5
cv,1,seasonal_naive_52w,2025-10-27,2025-11-03,7670.0,11659.0,-3989.0
cv,1,ets,2025-10-27,2025-11-03,7670.0,9088.048228914098,-1418.0482289140982
cv,1,ridge_log_history,2025-10-27,2025-11-03,7670.0,6819.473498323547,850.5265016764533
cv,1,xgb_target_history,2025-10-27,2025-11-03,7670.0,9051.74609375,-1381.74609375
cv,1,xgb_gdelt_features,2025-10-27,2025-11-03,7670.0,9167.10546875,-1497.10546875
cv,1,xgb_gdelt_world_bank,2025-10-27,2025-11-03,7670.0,9131.697265625,-1461.697265625
cv,1,last_value,2025-11-03,2025-11-10,6310.0,7670.0,-1360.0
cv,1,rolling_mean_4w,2025-11-03,2025-11-10,6310.0,8507.75,-2197.75
cv,1,seasonal_naive_52w,2025-11-03,2025-11-10,6310.0,11614.0,-5304.0
cv,1,ets,2025-11-03,2025-11-10,6310.0,8662.633760239867,-2352.633760239867
cv,1,ridge_log_history,2025-11-03,2025-11-10,6310.0,6393.497303547239,-83.49730354723943
cv,1,xgb_target_history,2025-11-03,2025-11-10,6310.0,8941.5224609375,-2631.5224609375
cv,1,xgb_gdelt_features,2025-11-03,2025-11-10,6310.0,9098.802734375,-2788.802734375
cv,1,xgb_gdelt_world_bank,2025-11-03,2025-11-10,6310.0,9085.8564453125,-2775.8564453125
cv,1,last_value,2025-11-10,2025-11-17,7545.0,6310.0,1235.0
cv,1,rolling_mean_4w,2025-11-10,2025-11-17,7545.0,7397.5,147.5
cv,1,seasonal_naive_52w,2025-11-10,2025-11-17,7545.0,12066.0,-4521.0
cv,1,ets,2025-11-10,2025-11-17,7545.0,7956.843632167906,-411.84363216790643
cv,1,ridge_log_history,2025-11-10,2025-11-17,7545.0,5756.45522325337,1788.5447767466303
cv,1,xgb_target_history,2025-11-10,2025-11-17,7545.0,7639.94677734375,-94.94677734375
cv,1,xgb_gdelt_features,2025-11-10,2025-11-17,7545.0,7735.66748046875,-190.66748046875
cv,1,xgb_gdelt_world_bank,2025-11-10,2025-11-17,7545.0,7930.78271484375,-385.78271484375
cv,1,last_value,2025-11-17,2025-11-24,7075.0,7545.0,-470.0
cv,1,rolling_mean_4w,2025-11-17,2025-11-24,7075.0,7375.25,-300.25
cv,1,seasonal_naive_52w,2025-11-17,2025-11-24,7075.0,10993.0,-3918.0
cv,1,ets,2025-11-17,2025-11-24,7075.0,7833.290542517534,-758.290542517534
cv,1,ridge_log_history,2025-11-17,2025-11-24,7075.0,6385.676765142419,689.3232348575812
cv,1,xgb_target_history,2025-11-17,2025-11-24,7075.0,8165.78076171875,-1090.78076171875
cv,1,xgb_gdelt_features,2025-11-17,2025-11-24,7075.0,8272.3017578125,-1197.3017578125
cv,1,xgb_gdelt_world_bank,2025-11-17,2025-11-24,7075.0,8287.5576171875,-1212.5576171875
cv,1,last_value,2025-11-24,2025-12-01,6359.0,7075.0,-716.0
cv,1,rolling_mean_4w,2025-11-24,2025-12-01,6359.0,7150.0,-791.0
cv,1,seasonal_naive_52w,2025-11-24,2025-12-01,6359.0,9570.0,-3211.0
cv,1,ets,2025-11-24,2025-12-01,6359.0,7605.803379762274,-1246.8033797622738
cv,1,ridge_log_history,2025-11-24,2025-12-01,6359.0,5992.86819585753,366.1318041424702
cv,1,xgb_target_history,2025-11-24,2025-12-01,6359.0,7752.22509765625,-1393.22509765625
cv,1,xgb_gdelt_features,2025-11-24,2025-12-01,6359.0,7421.4619140625,-1062.4619140625
cv,1,xgb_gdelt_world_bank,2025-11-24,2025-12-01,6359.0,7479.248046875,-1120.248046875
cv,1,last_value,2025-12-01,2025-12-08,5628.0,6359.0,-731.0
cv,1,rolling_mean_4w,2025-12-01,2025-12-08,5628.0,6822.25,-1194.25
cv,1,seasonal_naive_52w,2025-12-01,2025-12-08,5628.0,10792.0,-5164.0
cv,1,ets,2025-12-01,2025-12-08,5628.0,7231.7623658335915,-1603.7623658335915
cv,1,ridge_log_history,2025-12-01,2025-12-08,5628.0,5919.759813742885,-291.75981374288494
cv,1,xgb_target_history,2025-12-01,2025-12-08,5628.0,7832.796875,-2204.796875
cv,1,xgb_gdelt_features,2025-12-01,2025-12-08,5628.0,8047.0517578125,-2419.0517578125
cv,1,xgb_gdelt_world_bank,2025-12-01,2025-12-08,5628.0,8043.11572265625,-2415.11572265625
cv,1,last_value,2025-12-08,2025-12-15,5432.0,5628.0,-196.0
cv,1,rolling_mean_4w,2025-12-08,2025-12-15,5432.0,6651.75,-1219.75
cv,1,seasonal_naive_52w,2025-12-08,2025-12-15,5432.0,9884.0,-4452.0
cv,1,ets,2025-12-08,2025-12-15,5432.0,6750.633656083513,-1318.6336560835134
cv,1,ridge_log_history,2025-12-08,2025-12-15,5432.0,5358.826466939398,73.17353306060159
cv,1,xgb_target_history,2025-12-08,2025-12-15,5432.0,7422.4736328125,-1990.4736328125
cv,1,xgb_gdelt_features,2025-12-08,2025-12-15,5432.0,7557.93408203125,-2125.93408203125
cv,1,xgb_gdelt_world_bank,2025-12-08,2025-12-15,5432.0,7627.337890625,-2195.337890625
cv,1,last_value,2025-12-15,2025-12-22,5628.0,5432.0,196.0
cv,1,rolling_mean_4w,2025-12-15,2025-12-22,5628.0,6123.5,-495.5
cv,1,seasonal_naive_52w,2025-12-15,2025-12-22,5628.0,10851.0,-5223.0
cv,1,ets,2025-12-15,2025-12-22,5628.0,6355.043559258458,-727.0435592584581
cv,1,ridge_log_history,2025-12-15,2025-12-22,5628.0,5185.848350716486,442.1516492835144
cv,1,xgb_target_history,2025-12-15,2025-12-22,5628.0,6650.98828125,-1022.98828125
cv,1,xgb_gdelt_features,2025-12-15,2025-12-22,5628.0,6933.123046875,-1305.123046875
cv,1,xgb_gdelt_world_bank,2025-12-15,2025-12-22,5628.0,6977.06591796875,-1349.06591796875
cv,1,last_value,2025-12-22,2025-12-29,4584.0,5628.0,-1044.0
cv,1,rolling_mean_4w,2025-12-22,2025-12-29,4584.0,5761.75,-1177.75
cv,1,seasonal_naive_52w,2025-12-22,2025-12-29,4584.0,9501.0,-4917.0
cv,1,ets,2025-12-22,2025-12-29,4584.0,6136.93049148092,-1552.93049148092
cv,1,ridge_log_history,2025-12-22,2025-12-29,4584.0,5220.899669245237,-636.8996692452374
cv,1,xgb_target_history,2025-12-22,2025-12-29,4584.0,6496.79443359375,-1912.79443359375
cv,1,xgb_gdelt_features,2025-12-22,2025-12-29,4584.0,6770.54150390625,-2186.54150390625
cv,1,xgb_gdelt_world_bank,2025-12-22,2025-12-29,4584.0,6809.8486328125,-2225.8486328125
cv,1,last_value,2025-12-29,2026-01-05,4793.0,4584.0,209.0
cv,1,rolling_mean_4w,2025-12-29,2026-01-05,4793.0,5318.0,-525.0
cv,1,seasonal_naive_52w,2025-12-29,2026-01-05,4793.0,8661.0,-3868.0
cv,1,ets,2025-12-29,2026-01-05,4793.0,5671.051344036644,-878.051344036644
cv,1,ridge_log_history,2025-12-29,2026-01-05,4793.0,4962.843600158079,-169.84360015807943
cv,1,xgb_target_history,2025-12-29,2026-01-05,4793.0,6765.0166015625,-1972.0166015625
cv,1,xgb_gdelt_features,2025-12-29,2026-01-05,4793.0,7084.9521484375,-2291.9521484375
cv,1,xgb_gdelt_world_bank,2025-12-29,2026-01-05,4793.0,7110.572265625,-2317.572265625
cv,1,last_value,2026-01-05,2026-01-12,4882.0,4793.0,89.0
cv,1,rolling_mean_4w,2026-01-05,2026-01-12,4882.0,5109.25,-227.25
cv,1,seasonal_naive_52w,2026-01-05,2026-01-12,4882.0,10684.0,-5802.0
cv,1,ets,2026-01-05,2026-01-12,4882.0,5407.63594082565,-525.6359408256503
cv,1,ridge_log_history,2026-01-05,2026-01-12,4882.0,5119.558353049965,-237.55835304996526
cv,1,xgb_target_history,2026-01-05,2026-01-12,4882.0,6773.1572265625,-1891.1572265625
cv,1,xgb_gdelt_features,2026-01-05,2026-01-12,4882.0,6726.35986328125,-1844.35986328125
cv,1,xgb_gdelt_world_bank,2026-01-05,2026-01-12,4882.0,6781.73388671875,-1899.73388671875
cv,1,last_value,2026-01-12,2026-01-19,4739.0,4882.0,-143.0
cv,1,rolling_mean_4w,2026-01-12,2026-01-19,4739.0,4971.75,-232.75
cv,1,seasonal_naive_52w,2026-01-12,2026-01-19,4739.0,10242.0,-5503.0
cv,1,ets,2026-01-12,2026-01-19,4739.0,5249.945158577955,-510.9451585779552
cv,1,ridge_log_history,2026-01-12,2026-01-19,4739.0,4986.413290675026,-247.41329067502556
cv,1,xgb_target_history,2026-01-12,2026-01-19,4739.0,6480.05029296875,-1741.05029296875
cv,1,xgb_gdelt_features,2026-01-12,2026-01-19,4739.0,6195.744140625,-1456.744140625
cv,1,xgb_gdelt_world_bank,2026-01-12,2026-01-19,4739.0,6245.98193359375,-1506.98193359375
cv,1,last_value,2026-01-19,2026-01-26,5560.0,4739.0,821.0
cv,1,rolling_mean_4w,2026-01-19,2026-01-26,5560.0,4749.5,810.5
cv,1,seasonal_naive_52w,2026-01-19,2026-01-26,5560.0,8754.0,-3194.0
cv,1,ets,2026-01-19,2026-01-26,5560.0,5096.661611004569,463.33838899543116
cv,1,ridge_log_history,2026-01-19,2026-01-26,5560.0,4921.62539307379,638.3746069262097
cv,1,xgb_target_history,2026-01-19,2026-01-26,5560.0,6328.5517578125,-768.5517578125
cv,1,xgb_gdelt_features,2026-01-19,2026-01-26,5560.0,6321.01220703125,-761.01220703125
cv,1,xgb_gdelt_world_bank,2026-01-19,2026-01-26,5560.0,6475.2998046875,-915.2998046875
cv,1,last_value,2026-01-26,2026-02-02,4773.0,5560.0,-787.0
cv,1,rolling_mean_4w,2026-01-26,2026-02-02,4773.0,4993.5,-220.5
cv,1,seasonal_naive_52w,2026-01-26,2026-02-02,4773.0,7863.0,-3090.0
cv,1,ets,2026-01-26,2026-02-02,4773.0,5235.6631277031975,-462.66312770319746
cv,1,ridge_log_history,2026-01-26,2026-02-02,4773.0,5196.9121661372565,-423.91216613725646
cv,1,xgb_target_history,2026-01-26,2026-02-02,4773.0,7382.0732421875,-2609.0732421875
cv,1,xgb_gdelt_features,2026-01-26,2026-02-02,4773.0,6325.55908203125,-1552.55908203125
cv,1,xgb_gdelt_world_bank,2026-01-26,2026-02-02,4773.0,6455.79638671875,-1682.79638671875
cv,1,last_value,2026-02-02,2026-02-09,4760.0,4773.0,-13.0
cv,1,rolling_mean_4w,2026-02-02,2026-02-09,4760.0,4988.5,-228.5
cv,1,seasonal_naive_52w,2026-02-02,2026-02-09,4760.0,7429.0,-2669.0
cv,1,ets,2026-02-02,2026-02-09,4760.0,5096.864189392238,-336.8641893922377
cv,1,ridge_log_history,2026-02-02,2026-02-09,4760.0,4901.41224427046,-141.41224427046018
cv,1,xgb_target_history,2026-02-02,2026-02-09,4760.0,6373.419921875,-1613.419921875
cv,1,xgb_gdelt_features,2026-02-02,2026-02-09,4760.0,6338.9169921875,-1578.9169921875
cv,1,xgb_gdelt_world_bank,2026-02-02,2026-02-09,4760.0,6325.064453125,-1565.064453125
cv,1,last_value,2026-02-09,2026-02-16,5252.0,4760.0,492.0
cv,1,rolling_mean_4w,2026-02-09,2026-02-16,5252.0,4958.0,294.0
cv,1,seasonal_naive_52w,2026-02-09,2026-02-16,5252.0,8593.0,-3341.0
cv,1,ets,2026-02-09,2026-02-16,5252.0,4995.804932574566,256.195067425434
cv,1,ridge_log_history,2026-02-09,2026-02-16,5252.0,5018.201352946467,233.7986470535334
cv,1,xgb_target_history,2026-02-09,2026-02-16,5252.0,6386.14208984375,-1134.14208984375
cv,1,xgb_gdelt_features,2026-02-09,2026-02-16,5252.0,6215.587890625,-963.587890625
cv,1,xgb_gdelt_world_bank,2026-02-09,2026-02-16,5252.0,6187.68408203125,-935.68408203125
cv,1,last_value,2026-02-16,2026-02-23,10800.0,5252.0,5548.0
cv,1,rolling_mean_4w,2026-02-16,2026-02-23,10800.0,5086.25,5713.75
cv,1,seasonal_naive_52w,2026-02-16,2026-02-23,10800.0,7443.0,3357.0
cv,1,ets,2026-02-16,2026-02-23,10800.0,5072.663452802196,5727.336547197804
cv,1,ridge_log_history,2026-02-16,2026-02-23,10800.0,5233.89408582288,5566.10591417712
cv,1,xgb_target_history,2026-02-16,2026-02-23,10800.0,6411.74853515625,4388.25146484375
cv,1,xgb_gdelt_features,2026-02-16,2026-02-23,10800.0,7071.16796875,3728.83203125
cv,1,xgb_gdelt_world_bank,2026-02-16,2026-02-23,10800.0,7107.6572265625,3692.3427734375
cv,1,last_value,2026-02-23,2026-03-02,19899.0,10800.0,9099.0
cv,1,rolling_mean_4w,2026-02-23,2026-03-02,19899.0,6396.25,13502.75
cv,1,seasonal_naive_52w,2026-02-23,2026-03-02,19899.0,6828.0,13071.0
cv,1,ets,2026-02-23,2026-03-02,19899.0,6790.864416961536,13108.135583038464
cv,1,ridge_log_history,2026-02-23,2026-03-02,19899.0,7200.600315007976,12698.399684992024
cv,1,xgb_target_history,2026-02-23,2026-03-02,19899.0,6625.96240234375,13273.03759765625
cv,1,xgb_gdelt_features,2026-02-23,2026-03-02,19899.0,9441.1669921875,10457.8330078125
cv,1,xgb_gdelt_world_bank,2026-02-23,2026-03-02,19899.0,9201.7119140625,10697.2880859375
cv,1,last_value,2026-03-02,2026-03-09,14394.0,19899.0,-5505.0
cv,1,rolling_mean_4w,2026-03-02,2026-03-09,14394.0,10177.75,4216.25
cv,1,seasonal_naive_52w,2026-03-02,2026-03-09,14394.0,6897.0,7497.0
cv,1,ets,2026-03-02,2026-03-09,14394.0,10723.305091873075,3670.694908126925
cv,1,ridge_log_history,2026-03-02,2026-03-09,14394.0,11931.89500678605,2462.1049932139504
cv,1,xgb_target_history,2026-03-02,2026-03-09,14394.0,24156.529296875,-9762.529296875
cv,1,xgb_gdelt_features,2026-03-02,2026-03-09,14394.0,25505.5,-11111.5
cv,1,xgb_gdelt_world_bank,2026-03-02,2026-03-09,14394.0,25242.9453125,-10848.9453125
cv,1,last_value,2026-03-09,2026-03-16,14483.0,14394.0,89.0
cv,1,rolling_mean_4w,2026-03-09,2026-03-16,14483.0,12586.25,1896.75
cv,1,seasonal_naive_52w,2026-03-09,2026-03-16,14483.0,12568.0,1915.0
cv,1,ets,2026-03-09,2026-03-16,14483.0,11824.513564311152,2658.4864356888484
cv,1,ridge_log_history,2026-03-09,2026-03-16,14483.0,8569.11588072441,5913.88411927559
cv,1,xgb_target_history,2026-03-09,2026-03-16,14483.0,15817.947265625,-1334.947265625
cv,1,xgb_gdelt_features,2026-03-09,2026-03-16,14483.0,14647.6240234375,-164.6240234375
cv,1,xgb_gdelt_world_bank,2026-03-09,2026-03-16,14483.0,14570.939453125,-87.939453125
cv,1,last_value,2026-03-16,2026-03-23,13088.0,14483.0,-1395.0
cv,1,rolling_mean_4w,2026-03-16,2026-03-23,13088.0,14894.0,-1806.0
cv,1,seasonal_naive_52w,2026-03-16,2026-03-23,13088.0,10650.0,2438.0
cv,1,ets,2026-03-16,2026-03-23,13088.0,12622.059495017806,465.9405049821944
cv,1,ridge_log_history,2026-03-16,2026-03-23,13088.0,10034.426313264988,3053.5736867350115
cv,1,xgb_target_history,2026-03-16,2026-03-23,13088.0,14272.005859375,-1184.005859375
cv,1,xgb_gdelt_features,2026-03-16,2026-03-23,13088.0,13290.40625,-202.40625
cv,1,xgb_gdelt_world_bank,2026-03-16,2026-03-23,13088.0,13171.9345703125,-83.9345703125
cv,1,last_value,2026-03-23,2026-03-30,10888.0,13088.0,-2200.0
cv,1,rolling_mean_4w,2026-03-23,2026-03-30,10888.0,15466.0,-4578.0
cv,1,seasonal_naive_52w,2026-03-23,2026-03-30,10888.0,9351.0,1537.0
cv,1,ets,2026-03-23,2026-03-30,10888.0,12761.841646512463,-1873.8416465124628
cv,1,ridge_log_history,2026-03-23,2026-03-30,10888.0,9524.149606997817,1363.8503930021834
cv,1,xgb_target_history,2026-03-23,2026-03-30,10888.0,13684.4111328125,-2796.4111328125
cv,1,xgb_gdelt_features,2026-03-23,2026-03-30,10888.0,12477.396484375,-1589.396484375
cv,1,xgb_gdelt_world_bank,2026-03-23,2026-03-30,10888.0,12351.474609375,-1463.474609375
cv,1,last_value,2026-03-30,2026-04-06,11612.0,10888.0,724.0
cv,1,rolling_mean_4w,2026-03-30,2026-04-06,11612.0,13213.25,-1601.25
cv,1,seasonal_naive_52w,2026-03-30,2026-04-06,11612.0,8487.0,3125.0
cv,1,ets,2026-03-30,2026-04-06,11612.0,12199.689152558723,-587.6891525587234
cv,1,ridge_log_history,2026-03-30,2026-04-06,11612.0,8527.549943028991,3084.450056971009
cv,1,xgb_target_history,2026-03-30,2026-04-06,11612.0,12476.873046875,-864.873046875
cv,1,xgb_gdelt_features,2026-03-30,2026-04-06,11612.0,11826.5048828125,-214.5048828125
cv,1,xgb_gdelt_world_bank,2026-03-30,2026-04-06,11612.0,11743.9189453125,-131.9189453125
cv,1,last_value,2026-04-06,2026-04-13,7499.0,11612.0,-4113.0
cv,1,rolling_mean_4w,2026-04-06,2026-04-13,7499.0,12517.75,-5018.75
cv,1,seasonal_naive_52w,2026-04-06,2026-04-13,7499.0,8131.0,-632.0
cv,1,ets,2026-04-06,2026-04-13,7499.0,12023.382406791106,-4524.382406791106
cv,1,ridge_log_history,2026-04-06,2026-04-13,7499.0,9443.364464771854,-1944.3644647718538
cv,1,xgb_target_history,2026-04-06,2026-04-13,7499.0,11948.7724609375,-4449.7724609375
cv,1,xgb_gdelt_features,2026-04-06,2026-04-13,7499.0,11694.642578125,-4195.642578125
cv,1,xgb_gdelt_world_bank,2026-04-06,2026-04-13,7499.0,12240.5556640625,-4741.5556640625
cv,1,last_value,2026-04-13,2026-04-20,7545.0,7499.0,46.0
cv,1,rolling_mean_4w,2026-04-13,2026-04-20,7545.0,10771.75,-3226.75
cv,1,seasonal_naive_52w,2026-04-13,2026-04-20,7545.0,7100.0,445.0
cv,1,ets,2026-04-13,2026-04-20,7545.0,10666.067684753772,-3121.0676847537725
cv,1,ridge_log_history,2026-04-13,2026-04-20,7545.0,7150.513110777824,394.4868892221757
cv,1,xgb_target_history,2026-04-13,2026-04-20,7545.0,9433.2021484375,-1888.2021484375
cv,1,xgb_gdelt_features,2026-04-13,2026-04-20,7545.0,9880.576171875,-2335.576171875
cv,1,xgb_gdelt_world_bank,2026-04-13,2026-04-20,7545.0,9904.0576171875,-2359.0576171875
cv,1,last_value,2026-04-20,2026-04-27,6605.0,7545.0,-940.0
cv,1,rolling_mean_4w,2026-04-20,2026-04-27,6605.0,9386.0,-2781.0
cv,1,seasonal_naive_52w,2026-04-20,2026-04-27,6605.0,8617.0,-2012.0
cv,1,ets,2026-04-20,2026-04-27,6605.0,9729.74737932764,-3124.7473793276404
cv,1,ridge_log_history,2026-04-20,2026-04-27,6605.0,7357.248190385808,-752.2481903858079
cv,1,xgb_target_history,2026-04-20,2026-04-27,6605.0,8977.1689453125,-2372.1689453125
cv,1,xgb_gdelt_features,2026-04-20,2026-04-27,6605.0,8116.0537109375,-1511.0537109375
cv,1,xgb_gdelt_world_bank,2026-04-20,2026-04-27,6605.0,8159.25732421875,-1554.25732421875
cv,1,last_value,2026-04-27,2026-05-04,6455.0,6605.0,-150.0
cv,1,rolling_mean_4w,2026-04-27,2026-05-04,6455.0,8315.25,-1860.25
cv,1,seasonal_naive_52w,2026-04-27,2026-05-04,6455.0,9024.0,-2569.0
cv,1,ets,2026-04-27,2026-05-04,6455.0,8792.323165529348,-2337.3231655293475
cv,1,ridge_log_history,2026-04-27,2026-05-04,6455.0,6283.236607620292,171.76339237970842
cv,1,xgb_target_history,2026-04-27,2026-05-04,6455.0,7679.15087890625,-1224.15087890625
cv,1,xgb_gdelt_features,2026-04-27,2026-05-04,6455.0,6553.9716796875,-98.9716796875
cv,1,xgb_gdelt_world_bank,2026-04-27,2026-05-04,6455.0,6371.06201171875,83.93798828125
cv,1,last_value,2026-05-04,2026-05-11,7725.0,6455.0,1270.0
cv,1,rolling_mean_4w,2026-05-04,2026-05-11,7725.0,7026.0,699.0
cv,1,seasonal_naive_52w,2026-05-04,2026-05-11,7725.0,9369.0,-1644.0
cv,1,ets,2026-05-04,2026-05-11,7725.0,8091.126215870543,-366.1262158705431
cv,1,ridge_log_history,2026-05-04,2026-05-11,7725.0,6350.587170121107,1374.4128298788928
cv,1,xgb_target_history,2026-05-04,2026-05-11,7725.0,6894.3603515625,830.6396484375
cv,1,xgb_gdelt_features,2026-05-04,2026-05-11,7725.0,6344.3359375,1380.6640625
cv,1,xgb_gdelt_world_bank,2026-05-04,2026-05-11,7725.0,6352.19384765625,1372.80615234375
cv,1,last_value,2026-05-11,2026-05-18,6336.0,7725.0,-1389.0
cv,1,rolling_mean_4w,2026-05-11,2026-05-18,6336.0,7082.5,-746.5
cv,1,seasonal_naive_52w,2026-05-11,2026-05-18,6336.0,12823.0,-6487.0
cv,1,ets,2026-05-11,2026-05-18,6336.0,7981.28835110938,-1645.2883511093796
cv,1,ridge_log_history,2026-05-11,2026-05-18,6336.0,6850.953858128474,-514.9538581284742
cv,1,xgb_target_history,2026-05-11,2026-05-18,6336.0,7417.3505859375,-1081.3505859375
cv,1,xgb_gdelt_features,2026-05-11,2026-05-18,6336.0,7081.7705078125,-745.7705078125
cv,1,xgb_gdelt_world_bank,2026-05-11,2026-05-18,6336.0,7180.26953125,-844.26953125
cv,1,last_value,2026-05-18,2026-05-25,7625.0,6336.0,1289.0
cv,1,rolling_mean_4w,2026-05-18,2026-05-25,7625.0,6780.25,844.75
cv,1,seasonal_naive_52w,2026-05-18,2026-05-25,7625.0,10072.0,-2447.0
cv,1,ets,2026-05-18,2026-05-25,7625.0,7487.701845776565,137.29815422343472
cv,1,ridge_log_history,2026-05-18,2026-05-25,7625.0,6064.924180034701,1560.0758199652992
cv,1,xgb_target_history,2026-05-18,2026-05-25,7625.0,7612.0703125,12.9296875
cv,1,xgb_gdelt_features,2026-05-18,2026-05-25,7625.0,8437.83984375,-812.83984375
cv,1,xgb_gdelt_world_bank,2026-05-18,2026-05-25,7625.0,8381.298828125,-756.298828125
cv,1,last_value,2026-05-25,2026-06-01,9604.0,7625.0,1979.0
cv,1,rolling_mean_4w,2026-05-25,2026-06-01,9604.0,7035.25,2568.75
cv,1,seasonal_naive_52w,2026-05-25,2026-06-01,9604.0,9489.0,115.0
cv,1,ets,2026-05-25,2026-06-01,9604.0,7528.891292043595,2075.108707956405
cv,1,ridge_log_history,2026-05-25,2026-06-01,9604.0,7194.453194878123,2409.546805121877
cv,1,xgb_target_history,2026-05-25,2026-06-01,9604.0,7832.4384765625,1771.5615234375
cv,1,xgb_gdelt_features,2026-05-25,2026-06-01,9604.0,6994.140625,2609.859375
cv,1,xgb_gdelt_world_bank,2026-05-25,2026-06-01,9604.0,7000.93408203125,2603.06591796875
holdout,1,last_value,2026-06-01,2026-06-08,9429.0,9604.0,-175.0
holdout,1,rolling_mean_4w,2026-06-01,2026-06-08,9429.0,7822.5,1606.5
holdout,1,seasonal_naive_52w,2026-06-01,2026-06-08,9429.0,13383.0,-3954.0
holdout,1,ets,2026-06-01,2026-06-08,9429.0,8151.423904430516,1277.576095569484
holdout,1,ridge_log_history,2026-06-01,2026-06-08,9429.0,7734.567439894223,1694.4325601057772
holdout,1,xgb_target_history,2026-06-01,2026-06-08,9429.0,7851.044921875,1577.955078125
holdout,1,xgb_gdelt_features,2026-06-01,2026-06-08,9429.0,9090.8583984375,338.1416015625
holdout,1,xgb_gdelt_world_bank,2026-06-01,2026-06-08,9429.0,9143.2607421875,285.7392578125
holdout,1,last_value,2026-06-08,2026-06-15,7119.0,9429.0,-2310.0
holdout,1,rolling_mean_4w,2026-06-08,2026-06-15,7119.0,8248.5,-1129.5
holdout,1,seasonal_naive_52w,2026-06-08,2026-06-15,7119.0,117.0,7002.0
holdout,1,ets,2026-06-08,2026-06-15,7119.0,8534.69673310136,-1415.6967331013602
holdout,1,ridge_log_history,2026-06-08,2026-06-15,7119.0,7768.380974556428,-649.3809745564276
holdout,1,xgb_target_history,2026-06-08,2026-06-15,7119.0,8512.001953125,-1393.001953125
holdout,1,xgb_gdelt_features,2026-06-08,2026-06-15,7119.0,8964.78125,-1845.78125
holdout,1,xgb_gdelt_world_bank,2026-06-08,2026-06-15,7119.0,8994.92578125,-1875.92578125
holdout,1,last_value,2026-06-15,2026-06-22,5451.0,7119.0,-1668.0
holdout,1,rolling_mean_4w,2026-06-15,2026-06-22,5451.0,8444.25,-2993.25
holdout,1,seasonal_naive_52w,2026-06-15,2026-06-22,5451.0,111.0,5340.0
holdout,1,ets,2026-06-15,2026-06-22,5451.0,8109.987713170952,-2658.987713170952
holdout,1,ridge_log_history,2026-06-15,2026-06-22,5451.0,6826.810138753847,-1375.8101387538472
holdout,1,xgb_target_history,2026-06-15,2026-06-22,5451.0,7296.2919921875,-1845.2919921875
holdout,1,xgb_gdelt_features,2026-06-15,2026-06-22,5451.0,7616.2890625,-2165.2890625
holdout,1,xgb_gdelt_world_bank,2026-06-15,2026-06-22,5451.0,7450.84228515625,-1999.84228515625
holdout,1,last_value,2026-06-22,2026-06-29,5032.0,5451.0,-419.0
holdout,1,rolling_mean_4w,2026-06-22,2026-06-29,5032.0,7900.75,-2868.75
holdout,1,seasonal_naive_52w,2026-06-22,2026-06-29,5032.0,6949.0,-1917.0
holdout,1,ets,2026-06-22,2026-06-29,5032.0,7312.291399219666,-2280.2913992196663
holdout,1,ridge_log_history,2026-06-22,2026-06-29,5032.0,5902.967578771646,-870.967578771646
holdout,1,xgb_target_history,2026-06-22,2026-06-29,5032.0,6664.5380859375,-1632.5380859375
holdout,1,xgb_gdelt_features,2026-06-22,2026-06-29,5032.0,6596.33544921875,-1564.33544921875
holdout,1,xgb_gdelt_world_bank,2026-06-22,2026-06-29,5032.0,6581.39306640625,-1549.39306640625
holdout,1,last_value,2026-06-29,2026-07-06,5155.0,5032.0,123.0
holdout,1,rolling_mean_4w,2026-06-29,2026-07-06,5155.0,6757.75,-1602.75
holdout,1,seasonal_naive_52w,2026-06-29,2026-07-06,5155.0,10339.0,-5184.0
holdout,1,ets,2026-06-29,2026-07-06,5155.0,6628.203979453767,-1473.2039794537668
holdout,1,ridge_log_history,2026-06-29,2026-07-06,5155.0,5654.663061207189,-499.66306120718855
holdout,1,xgb_target_history,2026-06-29,2026-07-06,5155.0,6508.86279296875,-1353.86279296875
holdout,1,xgb_gdelt_features,2026-06-29,2026-07-06,5155.0,6447.06005859375,-1292.06005859375
holdout,1,xgb_gdelt_world_bank,2026-06-29,2026-07-06,5155.0,6432.578125,-1277.578125
holdout,1,last_value,2026-07-06,2026-07-13,4723.0,5155.0,-432.0
holdout,1,rolling_mean_4w,2026-07-06,2026-07-13,4723.0,5689.25,-966.25
holdout,1,seasonal_naive_52w,2026-07-06,2026-07-13,4723.0,11457.0,-6734.0
holdout,1,ets,2026-07-06,2026-07-13,4723.0,6186.242785617636,-1463.2427856176364
holdout,1,ridge_log_history,2026-07-06,2026-07-13,4723.0,5492.213117308935,-769.2131173089347
holdout,1,xgb_target_history,2026-07-06,2026-07-13,4723.0,6331.95654296875,-1608.95654296875
holdout,1,xgb_gdelt_features,2026-07-06,2026-07-13,4723.0,6184.07373046875,-1461.07373046875
holdout,1,xgb_gdelt_world_bank,2026-07-06,2026-07-13,4723.0,6241.07568359375,-1518.07568359375
holdout,1,last_value,2026-07-13,2026-07-20,6697.0,4723.0,1974.0
holdout,1,rolling_mean_4w,2026-07-13,2026-07-20,6697.0,5090.25,1606.75
holdout,1,seasonal_naive_52w,2026-07-13,2026-07-20,6697.0,8798.0,-2101.0
holdout,1,ets,2026-07-13,2026-07-20,6697.0,5747.269949932344,949.7300500676556
holdout,1,ridge_log_history,2026-07-13,2026-07-20,6697.0,5269.270430014319,1427.7295699856813
holdout,1,xgb_target_history,2026-07-13,2026-07-20,6697.0,6246.05322265625,450.94677734375
holdout,1,xgb_gdelt_features,2026-07-13,2026-07-20,6697.0,6186.10888671875,510.89111328125
holdout,1,xgb_gdelt_world_bank,2026-07-13,2026-07-20,6697.0,6234.84716796875,462.15283203125
holdout,1,last_value,2026-07-20,2026-07-27,5826.0,6697.0,-871.0
holdout,1,rolling_mean_4w,2026-07-20,2026-07-27,5826.0,5401.75,424.25
holdout,1,seasonal_naive_52w,2026-07-20,2026-07-27,5826.0,8739.0,-2913.0
holdout,1,ets,2026-07-20,2026-07-27,5826.0,6032.18896495264,-206.18896495264016
holdout,1,ridge_log_history,2026-07-20,2026-07-27,5826.0,5857.613407075772,-31.613407075771647
holdout,1,xgb_target_history,2026-07-20,2026-07-27,5826.0,6454.669921875,-628.669921875
holdout,1,xgb_gdelt_features,2026-07-20,2026-07-27,5826.0,6217.62744140625,-391.62744140625
holdout,1,xgb_gdelt_world_bank,2026-07-20,2026-07-27,5826.0,6283.693359375,-457.693359375
holdout,1,last_value,2026-07-27,2026-08-03,5262.0,5826.0,-564.0
holdout,1,rolling_mean_4w,2026-07-27,2026-08-03,5262.0,5600.25,-338.25
holdout,1,seasonal_naive_52w,2026-07-27,2026-08-03,5262.0,8241.0,-2979.0
holdout,1,ets,2026-07-27,2026-08-03,5262.0,5970.332275466848,-708.3322754668479
holdout,1,ridge_log_history,2026-07-27,2026-08-03,5262.0,5403.334421912873,-141.33442191287304
holdout,1,xgb_target_history,2026-07-27,2026-08-03,5262.0,6551.4970703125,-1289.4970703125
holdout,1,xgb_gdelt_features,2026-07-27,2026-08-03,5262.0,7032.76708984375,-1770.76708984375
holdout,1,xgb_gdelt_world_bank,2026-07-27,2026-08-03,5262.0,6898.076171875,-1636.076171875
holdout,1,last_value,2026-08-03,2026-08-10,5175.0,5262.0,-87.0
holdout,1,rolling_mean_4w,2026-08-03,2026-08-10,5175.0,5627.0,-452.0
holdout,1,seasonal_naive_52w,2026-08-03,2026-08-10,5175.0,8676.0,-3501.0
holdout,1,ets,2026-08-03,2026-08-10,5175.0,5757.832592826793,-582.8325928267932
holdout,1,ridge_log_history,2026-08-03,2026-08-10,5175.0,5038.654958133999,136.34504186600134
holdout,1,xgb_target_history,2026-08-03,2026-08-10,5175.0,6351.4794921875,-1176.4794921875
holdout,1,xgb_gdelt_features,2026-08-03,2026-08-10,5175.0,6299.0234375,-1124.0234375
holdout,1,xgb_gdelt_world_bank,2026-08-03,2026-08-10,5175.0,6314.12548828125,-1139.12548828125
holdout,1,last_value,2026-08-10,2026-08-17,7098.0,5175.0,1923.0
holdout,1,rolling_mean_4w,2026-08-10,2026-08-17,7098.0,5740.0,1358.0
holdout,1,seasonal_naive_52w,2026-08-10,2026-08-17,7098.0,7926.0,-828.0
holdout,1,ets,2026-08-10,2026-08-17,7098.0,5582.982814978755,1515.0171850212446
holdout,1,ridge_log_history,2026-08-10,2026-08-17,7098.0,4901.892707667619,2196.107292332381
holdout,1,xgb_target_history,2026-08-10,2026-08-17,7098.0,5837.47900390625,1260.52099609375
holdout,1,xgb_gdelt_features,2026-08-10,2026-08-17,7098.0,6176.6533203125,921.3466796875
holdout,1,xgb_gdelt_world_bank,2026-08-10,2026-08-17,7098.0,6306.44677734375,791.55322265625
holdout,1,last_value,2026-08-17,2026-08-24,5641.0,7098.0,-1457.0
holdout,1,rolling_mean_4w,2026-08-17,2026-08-24,5641.0,5840.25,-199.25
holdout,1,seasonal_naive_52w,2026-08-17,2026-08-24,5641.0,11514.0,-5873.0
holdout,1,ets,2026-08-17,2026-08-24,5641.0,6037.487970485128,-396.48797048512824
holdout,1,ridge_log_history,2026-08-17,2026-08-24,5641.0,5551.585840021175,89.41415997882541
holdout,1,xgb_target_history,2026-08-17,2026-08-24,5641.0,6575.7529296875,-934.7529296875
holdout,1,xgb_gdelt_features,2026-08-17,2026-08-24,5641.0,7062.056640625,-1421.056640625
holdout,1,xgb_gdelt_world_bank,2026-08-17,2026-08-24,5641.0,6870.28564453125,-1229.28564453125
cv,2,last_value,2025-09-22,2025-10-06,11013.0,9498.0,1515.0
cv,2,rolling_mean_4w,2025-09-22,2025-10-06,11013.0,10339.0,674.0
cv,2,seasonal_naive_52w,2025-09-22,2025-10-06,11013.0,24974.0,-13961.0
cv,2,ets,2025-09-22,2025-10-06,11013.0,10144.112565681558,868.8874343184416
cv,2,ridge_log_history,2025-09-22,2025-10-06,11013.0,7963.427209687364,3049.5727903126362
cv,2,xgb_target_history,2025-09-22,2025-10-06,11013.0,13267.3583984375,-2254.3583984375
cv,2,xgb_gdelt_features,2025-09-22,2025-10-06,11013.0,12463.4111328125,-1450.4111328125
cv,2,xgb_gdelt_world_bank,2025-09-22,2025-10-06,11013.0,12214.283203125,-1201.283203125
cv,2,last_value,2025-09-29,2025-10-13,10751.0,9351.0,1400.0
cv,2,rolling_mean_4w,2025-09-29,2025-10-13,10751.0,10655.5,95.5
cv,2,seasonal_naive_52w,2025-09-29,2025-10-13,10751.0,21154.0,-10403.0
cv,2,ets,2025-09-29,2025-10-13,10751.0,9906.17879597709,844.82120402291
cv,2,ridge_log_history,2025-09-29,2025-10-13,10751.0,7901.912281779374,2849.087718220626
cv,2,xgb_target_history,2025-09-29,2025-10-13,10751.0,10820.57421875,-69.57421875
cv,2,xgb_gdelt_features,2025-09-29,2025-10-13,10751.0,11938.4189453125,-1187.4189453125
cv,2,xgb_gdelt_world_bank,2025-09-29,2025-10-13,10751.0,12124.5830078125,-1373.5830078125
cv,2,last_value,2025-10-06,2025-10-20,7634.0,11013.0,-3379.0
cv,2,rolling_mean_4w,2025-10-06,2025-10-20,7634.0,10150.25,-2516.25
cv,2,seasonal_naive_52w,2025-10-06,2025-10-20,7634.0,18993.0,-11359.0
cv,2,ets,2025-10-06,2025-10-20,7634.0,10238.225157183962,-2604.2251571839624
cv,2,ridge_log_history,2025-10-06,2025-10-20,7634.0,8494.681313114708,-860.6813131147082
cv,2,xgb_target_history,2025-10-06,2025-10-20,7634.0,9674.021484375,-2040.021484375
cv,2,xgb_gdelt_features,2025-10-06,2025-10-20,7634.0,10725.3359375,-3091.3359375
cv,2,xgb_gdelt_world_bank,2025-10-06,2025-10-20,7634.0,10881.78515625,-3247.78515625
cv,2,last_value,2025-10-13,2025-10-27,7976.0,10751.0,-2775.0
cv,2,rolling_mean_4w,2025-10-13,2025-10-27,7976.0,10153.25,-2177.25
cv,2,seasonal_naive_52w,2025-10-13,2025-10-27,7976.0,15416.0,-7440.0
cv,2,ets,2025-10-13,2025-10-27,7976.0,10392.057610028773,-2416.0576100287726
cv,2,ridge_log_history,2025-10-13,2025-10-27,7976.0,8507.937317768088,-531.9373177680882
cv,2,xgb_target_history,2025-10-13,2025-10-27,7976.0,9665.3994140625,-1689.3994140625
cv,2,xgb_gdelt_features,2025-10-13,2025-10-27,7976.0,10508.494140625,-2532.494140625
cv,2,xgb_gdelt_world_bank,2025-10-13,2025-10-27,7976.0,10420.2451171875,-2444.2451171875
cv,2,last_value,2025-10-20,2025-11-03,7670.0,7634.0,36.0
cv,2,rolling_mean_4w,2025-10-20,2025-11-03,7670.0,9687.25,-2017.25
cv,2,seasonal_naive_52w,2025-10-20,2025-11-03,7670.0,11659.0,-3989.0
cv,2,ets,2025-10-20,2025-11-03,7670.0,9564.64032702014,-1894.6403270201408
cv,2,ridge_log_history,2025-10-20,2025-11-03,7670.0,7146.745234901389,523.2547650986107
cv,2,xgb_target_history,2025-10-20,2025-11-03,7670.0,9477.4140625,-1807.4140625
cv,2,xgb_gdelt_features,2025-10-20,2025-11-03,7670.0,9485.787109375,-1815.787109375
cv,2,xgb_gdelt_world_bank,2025-10-20,2025-11-03,7670.0,9597.8310546875,-1927.8310546875
cv,2,last_value,2025-10-27,2025-11-10,6310.0,7976.0,-1666.0
cv,2,rolling_mean_4w,2025-10-27,2025-11-10,6310.0,9343.5,-3033.5
cv,2,seasonal_naive_52w,2025-10-27,2025-11-10,6310.0,11614.0,-5304.0
cv,2,ets,2025-10-27,2025-11-10,6310.0,9088.048228914098,-2778.048228914098
cv,2,ridge_log_history,2025-10-27,2025-11-10,6310.0,7268.296232013274,-958.2962320132738
cv,2,xgb_target_history,2025-10-27,2025-11-10,6310.0,9255.3447265625,-2945.3447265625
cv,2,xgb_gdelt_features,2025-10-27,2025-11-10,6310.0,9187.12109375,-2877.12109375
cv,2,xgb_gdelt_world_bank,2025-10-27,2025-11-10,6310.0,8993.5615234375,-2683.5615234375
cv,2,last_value,2025-11-03,2025-11-17,7545.0,7670.0,-125.0
cv,2,rolling_mean_4w,2025-11-03,2025-11-17,7545.0,8507.75,-962.75
cv,2,seasonal_naive_52w,2025-11-03,2025-11-17,7545.0,12066.0,-4521.0
cv,2,ets,2025-11-03,2025-11-17,7545.0,8662.633760239867,-1117.6337602398671
cv,2,ridge_log_history,2025-11-03,2025-11-17,7545.0,6742.470132771069,802.5298672289309
cv,2,xgb_target_history,2025-11-03,2025-11-17,7545.0,9078.771484375,-1533.771484375
cv,2,xgb_gdelt_features,2025-11-03,2025-11-17,7545.0,9147.220703125,-1602.220703125
cv,2,xgb_gdelt_world_bank,2025-11-03,2025-11-17,7545.0,9122.9833984375,-1577.9833984375
cv,2,last_value,2025-11-10,2025-11-24,7075.0,6310.0,765.0
cv,2,rolling_mean_4w,2025-11-10,2025-11-24,7075.0,7397.5,-322.5
cv,2,seasonal_naive_52w,2025-11-10,2025-11-24,7075.0,10993.0,-3918.0
cv,2,ets,2025-11-10,2025-11-24,7075.0,7956.843632167906,-881.8436321679064
cv,2,ridge_log_history,2025-11-10,2025-11-24,7075.0,6069.011377459971,1005.9886225400287
cv,2,xgb_target_history,2025-11-10,2025-11-24,7075.0,8881.013671875,-1806.013671875
cv,2,xgb_gdelt_features,2025-11-10,2025-11-24,7075.0,8887.1650390625,-1812.1650390625
cv,2,xgb_gdelt_world_bank,2025-11-10,2025-11-24,7075.0,8880.3359375,-1805.3359375
cv,2,last_value,2025-11-17,2025-12-01,6359.0,7545.0,-1186.0
cv,2,rolling_mean_4w,2025-11-17,2025-12-01,6359.0,7375.25,-1016.25
cv,2,seasonal_naive_52w,2025-11-17,2025-12-01,6359.0,9570.0,-3211.0
cv,2,ets,2025-11-17,2025-12-01,6359.0,7833.290542517534,-1474.290542517534
cv,2,ridge_log_history,2025-11-17,2025-12-01,6359.0,6404.927976976529,-45.92797697652895
cv,2,xgb_target_history,2025-11-17,2025-12-01,6359.0,7891.22705078125,-1532.22705078125
cv,2,xgb_gdelt_features,2025-11-17,2025-12-01,6359.0,8365.12890625,-2006.12890625
cv,2,xgb_gdelt_world_bank,2025-11-17,2025-12-01,6359.0,8597.8056640625,-2238.8056640625
cv,2,last_value,2025-11-24,2025-12-08,5628.0,7075.0,-1447.0
cv,2,rolling_mean_4w,2025-11-24,2025-12-08,5628.0,7150.0,-1522.0
cv,2,seasonal_naive_52w,2025-11-24,2025-12-08,5628.0,10792.0,-5164.0
cv,2,ets,2025-11-24,2025-12-08,5628.0,7605.803379762274,-1977.8033797622738
cv,2,ridge_log_history,2025-11-24,2025-12-08,5628.0,6067.6154678425255,-439.6154678425255
cv,2,xgb_target_history,2025-11-24,2025-12-08,5628.0,7794.48046875,-2166.48046875
cv,2,xgb_gdelt_features,2025-11-24,2025-12-08,5628.0,8156.1455078125,-2528.1455078125
cv,2,xgb_gdelt_world_bank,2025-11-24,2025-12-08,5628.0,8231.0810546875,-2603.0810546875
cv,2,last_value,2025-12-01,2025-12-15,5432.0,6359.0,-927.0
cv,2,rolling_mean_4w,2025-12-01,2025-12-15,5432.0,6822.25,-1390.25
cv,2,seasonal_naive_52w,2025-12-01,2025-12-15,5432.0,9884.0,-4452.0
cv,2,ets,2025-12-01,2025-12-15,5432.0,7231.7623658335915,-1799.7623658335915
cv,2,ridge_log_history,2025-12-01,2025-12-15,5432.0,5832.650193647797,-400.6501936477971
cv,2,xgb_target_history,2025-12-01,2025-12-15,5432.0,7425.0439453125,-1993.0439453125
cv,2,xgb_gdelt_features,2025-12-01,2025-12-15,5432.0,7835.16552734375,-2403.16552734375
cv,2,xgb_gdelt_world_bank,2025-12-01,2025-12-15,5432.0,8045.048828125,-2613.048828125
cv,2,last_value,2025-12-08,2025-12-22,5628.0,5628.0,0.0
cv,2,rolling_mean_4w,2025-12-08,2025-12-22,5628.0,6651.75,-1023.75
cv,2,seasonal_naive_52w,2025-12-08,2025-12-22,5628.0,10851.0,-5223.0
cv,2,ets,2025-12-08,2025-12-22,5628.0,6750.633656083513,-1122.6336560835134
cv,2,ridge_log_history,2025-12-08,2025-12-22,5628.0,5461.496131802291,166.50386819770938
cv,2,xgb_target_history,2025-12-08,2025-12-22,5628.0,7227.033203125,-1599.033203125
cv,2,xgb_gdelt_features,2025-12-08,2025-12-22,5628.0,7892.07763671875,-2264.07763671875
cv,2,xgb_gdelt_world_bank,2025-12-08,2025-12-22,5628.0,7830.6611328125,-2202.6611328125
cv,2,last_value,2025-12-15,2025-12-29,4584.0,5432.0,-848.0
cv,2,rolling_mean_4w,2025-12-15,2025-12-29,4584.0,6123.5,-1539.5
cv,2,seasonal_naive_52w,2025-12-15,2025-12-29,4584.0,9501.0,-4917.0
cv,2,ets,2025-12-15,2025-12-29,4584.0,6355.043559258458,-1771.0435592584581
cv,2,ridge_log_history,2025-12-15,2025-12-29,4584.0,5213.559600580735,-629.5596005807347
cv,2,xgb_target_history,2025-12-15,2025-12-29,4584.0,6987.68701171875,-2403.68701171875
cv,2,xgb_gdelt_features,2025-12-15,2025-12-29,4584.0,7617.13916015625,-3033.13916015625
cv,2,xgb_gdelt_world_bank,2025-12-15,2025-12-29,4584.0,7275.35009765625,-2691.35009765625
cv,2,last_value,2025-12-22,2026-01-05,4793.0,5628.0,-835.0
cv,2,rolling_mean_4w,2025-12-22,2026-01-05,4793.0,5761.75,-968.75
cv,2,seasonal_naive_52w,2025-12-22,2026-01-05,4793.0,8661.0,-3868.0
cv,2,ets,2025-12-22,2026-01-05,4793.0,6136.93049148092,-1343.93049148092
cv,2,ridge_log_history,2025-12-22,2026-01-05,4793.0,5599.735142923269,-806.7351429232694
cv,2,xgb_target_history,2025-12-22,2026-01-05,4793.0,6911.00830078125,-2118.00830078125
cv,2,xgb_gdelt_features,2025-12-22,2026-01-05,4793.0,7235.21875,-2442.21875
cv,2,xgb_gdelt_world_bank,2025-12-22,2026-01-05,4793.0,7170.07373046875,-2377.07373046875
cv,2,last_value,2025-12-29,2026-01-12,4882.0,4584.0,298.0
cv,2,rolling_mean_4w,2025-12-29,2026-01-12,4882.0,5318.0,-436.0
cv,2,seasonal_naive_52w,2025-12-29,2026-01-12,4882.0,10684.0,-5802.0
cv,2,ets,2025-12-29,2026-01-12,4882.0,5671.051344036644,-789.051344036644
cv,2,ridge_log_history,2025-12-29,2026-01-12,4882.0,5241.78061044796,-359.7806104479596
cv,2,xgb_target_history,2025-12-29,2026-01-12,4882.0,6785.013671875,-1903.013671875
cv,2,xgb_gdelt_features,2025-12-29,2026-01-12,4882.0,7367.4091796875,-2485.4091796875
cv,2,xgb_gdelt_world_bank,2025-12-29,2026-01-12,4882.0,7305.74072265625,-2423.74072265625
cv,2,last_value,2026-01-05,2026-01-19,4739.0,4793.0,-54.0
cv,2,rolling_mean_4w,2026-01-05,2026-01-19,4739.0,5109.25,-370.25
cv,2,seasonal_naive_52w,2026-01-05,2026-01-19,4739.0,10242.0,-5503.0
cv,2,ets,2026-01-05,2026-01-19,4739.0,5407.63594082565,-668.6359408256503
cv,2,ridge_log_history,2026-01-05,2026-01-19,4739.0,5306.012992708581,-567.0129927085809
cv,2,xgb_target_history,2026-01-05,2026-01-19,4739.0,6666.49560546875,-1927.49560546875
cv,2,xgb_gdelt_features,2026-01-05,2026-01-19,4739.0,7321.44775390625,-2582.44775390625
cv,2,xgb_gdelt_world_bank,2026-01-05,2026-01-19,4739.0,7146.22216796875,-2407.22216796875
cv,2,last_value,2026-01-12,2026-01-26,5560.0,4882.0,678.0
cv,2,rolling_mean_4w,2026-01-12,2026-01-26,5560.0,4971.75,588.25
cv,2,seasonal_naive_52w,2026-01-12,2026-01-26,5560.0,8754.0,-3194.0
cv,2,ets,2026-01-12,2026-01-26,5560.0,5249.945158577955,310.0548414220448
cv,2,ridge_log_history,2026-01-12,2026-01-26,5560.0,5183.877793332205,376.12220666779467
cv,2,xgb_target_history,2026-01-12,2026-01-26,5560.0,6214.76416015625,-654.76416015625
cv,2,xgb_gdelt_features,2026-01-12,2026-01-26,5560.0,6804.7392578125,-1244.7392578125
cv,2,xgb_gdelt_world_bank,2026-01-12,2026-01-26,5560.0,6780.5634765625,-1220.5634765625
cv,2,last_value,2026-01-19,2026-02-02,4773.0,4739.0,34.0
cv,2,rolling_mean_4w,2026-01-19,2026-02-02,4773.0,4749.5,23.5
cv,2,seasonal_naive_52w,2026-01-19,2026-02-02,4773.0,7863.0,-3090.0
cv,2,ets,2026-01-19,2026-02-02,4773.0,5096.661611004569,-323.66161100456884
cv,2,ridge_log_history,2026-01-19,2026-02-02,4773.0,5053.5244433892285,-280.5244433892285
cv,2,xgb_target_history,2026-01-19,2026-02-02,4773.0,6564.05517578125,-1791.05517578125
cv,2,xgb_gdelt_features,2026-01-19,2026-02-02,4773.0,6657.27734375,-1884.27734375
cv,2,xgb_gdelt_world_bank,2026-01-19,2026-02-02,4773.0,6391.9794921875,-1618.9794921875
cv,2,last_value,2026-01-26,2026-02-09,4760.0,5560.0,-800.0
cv,2,rolling_mean_4w,2026-01-26,2026-02-09,4760.0,4993.5,-233.5
cv,2,seasonal_naive_52w,2026-01-26,2026-02-09,4760.0,7429.0,-2669.0
cv,2,ets,2026-01-26,2026-02-09,4760.0,5235.6631277031975,-475.66312770319746
cv,2,ridge_log_history,2026-01-26,2026-02-09,4760.0,5329.655827241819,-569.6558272418188
cv,2,xgb_target_history,2026-01-26,2026-02-09,4760.0,6591.1416015625,-1831.1416015625
cv,2,xgb_gdelt_features,2026-01-26,2026-02-09,4760.0,6672.4365234375,-1912.4365234375
cv,2,xgb_gdelt_world_bank,2026-01-26,2026-02-09,4760.0,6482.541015625,-1722.541015625
cv,2,last_value,2026-02-02,2026-02-16,5252.0,4773.0,479.0
cv,2,rolling_mean_4w,2026-02-02,2026-02-16,5252.0,4988.5,263.5
cv,2,seasonal_naive_52w,2026-02-02,2026-02-16,5252.0,8593.0,-3341.0
cv,2,ets,2026-02-02,2026-02-16,5252.0,5096.864189392238,155.13581060776232
cv,2,ridge_log_history,2026-02-02,2026-02-16,5252.0,5071.01593201825,180.98406798174983
cv,2,xgb_target_history,2026-02-02,2026-02-16,5252.0,6483.49951171875,-1231.49951171875
cv,2,xgb_gdelt_features,2026-02-02,2026-02-16,5252.0,6757.78173828125,-1505.78173828125
cv,2,xgb_gdelt_world_bank,2026-02-02,2026-02-16,5252.0,6551.796875,-1299.796875
cv,2,last_value,2026-02-09,2026-02-23,10800.0,4760.0,6040.0
cv,2,rolling_mean_4w,2026-02-09,2026-02-23,10800.0,4958.0,5842.0
cv,2,seasonal_naive_52w,2026-02-09,2026-02-23,10800.0,7443.0,3357.0
cv,2,ets,2026-02-09,2026-02-23,10800.0,4995.804932574566,5804.195067425434
cv,2,ridge_log_history,2026-02-09,2026-02-23,10800.0,5133.936726274425,5666.063273725575
cv,2,xgb_target_history,2026-02-09,2026-02-23,10800.0,6582.37841796875,4217.62158203125
cv,2,xgb_gdelt_features,2026-02-09,2026-02-23,10800.0,6663.53369140625,4136.46630859375
cv,2,xgb_gdelt_world_bank,2026-02-09,2026-02-23,10800.0,6632.54345703125,4167.45654296875
cv,2,last_value,2026-02-16,2026-03-02,19899.0,5252.0,14647.0
cv,2,rolling_mean_4w,2026-02-16,2026-03-02,19899.0,5086.25,14812.75
cv,2,seasonal_naive_52w,2026-02-16,2026-03-02,19899.0,6828.0,13071.0
cv,2,ets,2026-02-16,2026-03-02,19899.0,5072.663452802196,14826.336547197803
cv,2,ridge_log_history,2026-02-16,2026-03-02,19899.0,5252.396449235437,14646.603550764563
cv,2,xgb_target_history,2026-02-16,2026-03-02,19899.0,8332.5078125,11566.4921875
cv,2,xgb_gdelt_features,2026-02-16,2026-03-02,19899.0,8678.296875,11220.703125
cv,2,xgb_gdelt_world_bank,2026-02-16,2026-03-02,19899.0,7642.6064453125,12256.3935546875
cv,2,last_value,2026-02-23,2026-03-09,14394.0,10800.0,3594.0
cv,2,rolling_mean_4w,2026-02-23,2026-03-09,14394.0,6396.25,7997.75
cv,2,seasonal_naive_52w,2026-02-23,2026-03-09,14394.0,6897.0,7497.0
cv,2,ets,2026-02-23,2026-03-09,14394.0,6790.864416961536,7603.135583038464
cv,2,ridge_log_history,2026-02-23,2026-03-09,14394.0,6811.414184398775,7582.585815601225
cv,2,xgb_target_history,2026-02-23,2026-03-09,14394.0,6169.412109375,8224.587890625
cv,2,xgb_gdelt_features,2026-02-23,2026-03-09,14394.0,7047.98828125,7346.01171875
cv,2,xgb_gdelt_world_bank,2026-02-23,2026-03-09,14394.0,7259.1533203125,7134.8466796875
cv,2,last_value,2026-03-02,2026-03-16,14483.0,19899.0,-5416.0
cv,2,rolling_mean_4w,2026-03-02,2026-03-16,14483.0,10177.75,4305.25
cv,2,seasonal_naive_52w,2026-03-02,2026-03-16,14483.0,12568.0,1915.0
cv,2,ets,2026-03-02,2026-03-16,14483.0,10723.305091873075,3759.694908126925
cv,2,ridge_log_history,2026-03-02,2026-03-16,14483.0,10272.175804174334,4210.824195825666
cv,2,xgb_target_history,2026-03-02,2026-03-16,14483.0,24081.49609375,-9598.49609375
cv,2,xgb_gdelt_features,2026-03-02,2026-03-16,14483.0,21306.86328125,-6823.86328125
cv,2,xgb_gdelt_world_bank,2026-03-02,2026-03-16,14483.0,23800.689453125,-9317.689453125
cv,2,last_value,2026-03-09,2026-03-23,13088.0,14394.0,-1306.0
cv,2,rolling_mean_4w,2026-03-09,2026-03-23,13088.0,12586.25,501.75
cv,2,seasonal_naive_52w,2026-03-09,2026-03-23,13088.0,10650.0,2438.0
cv,2,ets,2026-03-09,2026-03-23,13088.0,11824.513564311152,1263.4864356888484
cv,2,ridge_log_history,2026-03-09,2026-03-23,13088.0,8367.139045944548,4720.860954055452
cv,2,xgb_target_history,2026-03-09,2026-03-23,13088.0,24156.8046875,-11068.8046875
cv,2,xgb_gdelt_features,2026-03-09,2026-03-23,13088.0,24584.744140625,-11496.744140625
cv,2,xgb_gdelt_world_bank,2026-03-09,2026-03-23,13088.0,26467.224609375,-13379.224609375
cv,2,last_value,2026-03-16,2026-03-30,10888.0,14483.0,-3595.0
cv,2,rolling_mean_4w,2026-03-16,2026-03-30,10888.0,14894.0,-4006.0
cv,2,seasonal_naive_52w,2026-03-16,2026-03-30,10888.0,9351.0,1537.0
cv,2,ets,2026-03-16,2026-03-30,10888.0,12622.059495017806,-1734.0594950178056
cv,2,ridge_log_history,2026-03-16,2026-03-30,10888.0,9969.328911855066,918.6710881449344
cv,2,xgb_target_history,2026-03-16,2026-03-30,10888.0,17969.095703125,-7081.095703125
cv,2,xgb_gdelt_features,2026-03-16,2026-03-30,10888.0,17492.515625,-6604.515625
cv,2,xgb_gdelt_world_bank,2026-03-16,2026-03-30,10888.0,17733.66796875,-6845.66796875
cv,2,last_value,2026-03-23,2026-04-06,11612.0,13088.0,-1476.0
cv,2,rolling_mean_4w,2026-03-23,2026-04-06,11612.0,15466.0,-3854.0
cv,2,seasonal_naive_52w,2026-03-23,2026-04-06,11612.0,8487.0,3125.0
cv,2,ets,2026-03-23,2026-04-06,11612.0,12761.841646512463,-1149.8416465124628
cv,2,ridge_log_history,2026-03-23,2026-04-06,11612.0,9142.600248335419,2469.3997516645813
cv,2,xgb_target_history,2026-03-23,2026-04-06,11612.0,16266.6572265625,-4654.6572265625
cv,2,xgb_gdelt_features,2026-03-23,2026-04-06,11612.0,14654.693359375,-3042.693359375
cv,2,xgb_gdelt_world_bank,2026-03-23,2026-04-06,11612.0,14869.283203125,-3257.283203125
cv,2,last_value,2026-03-30,2026-04-13,7499.0,10888.0,-3389.0
cv,2,rolling_mean_4w,2026-03-30,2026-04-13,7499.0,13213.25,-5714.25
cv,2,seasonal_naive_52w,2026-03-30,2026-04-13,7499.0,8131.0,-632.0
cv,2,ets,2026-03-30,2026-04-13,7499.0,12199.689152558723,-4700.689152558723
cv,2,ridge_log_history,2026-03-30,2026-04-13,7499.0,8269.921308908672,-770.9213089086716
cv,2,xgb_target_history,2026-03-30,2026-04-13,7499.0,13454.7275390625,-5955.7275390625
cv,2,xgb_gdelt_features,2026-03-30,2026-04-13,7499.0,12817.755859375,-5318.755859375
cv,2,xgb_gdelt_world_bank,2026-03-30,2026-04-13,7499.0,12270.01953125,-4771.01953125
cv,2,last_value,2026-04-06,2026-04-20,7545.0,11612.0,-4067.0
cv,2,rolling_mean_4w,2026-04-06,2026-04-20,7545.0,12517.75,-4972.75
cv,2,seasonal_naive_52w,2026-04-06,2026-04-20,7545.0,7100.0,445.0
cv,2,ets,2026-04-06,2026-04-20,7545.0,12023.382406791106,-4478.382406791106
cv,2,ridge_log_history,2026-04-06,2026-04-20,7545.0,9158.57008350517,-1613.5700835051703
cv,2,xgb_target_history,2026-04-06,2026-04-20,7545.0,12877.7939453125,-5332.7939453125
cv,2,xgb_gdelt_features,2026-04-06,2026-04-20,7545.0,13385.130859375,-5840.130859375
cv,2,xgb_gdelt_world_bank,2026-04-06,2026-04-20,7545.0,12636.2802734375,-5091.2802734375
cv,2,last_value,2026-04-13,2026-04-27,6605.0,7499.0,-894.0
cv,2,rolling_mean_4w,2026-04-13,2026-04-27,6605.0,10771.75,-4166.75
cv,2,seasonal_naive_52w,2026-04-13,2026-04-27,6605.0,8617.0,-2012.0
cv,2,ets,2026-04-13,2026-04-27,6605.0,10666.067684753772,-4061.0676847537725
cv,2,ridge_log_history,2026-04-13,2026-04-27,6605.0,7273.853717956307,-668.8537179563073
cv,2,xgb_target_history,2026-04-13,2026-04-27,6605.0,11204.3740234375,-4599.3740234375
cv,2,xgb_gdelt_features,2026-04-13,2026-04-27,6605.0,10744.705078125,-4139.705078125
cv,2,xgb_gdelt_world_bank,2026-04-13,2026-04-27,6605.0,10661.841796875,-4056.841796875
cv,2,last_value,2026-04-20,2026-05-04,6455.0,7545.0,-1090.0
cv,2,rolling_mean_4w,2026-04-20,2026-05-04,6455.0,9386.0,-2931.0
cv,2,seasonal_naive_52w,2026-04-20,2026-05-04,6455.0,9024.0,-2569.0
cv,2,ets,2026-04-20,2026-05-04,6455.0,9729.74737932764,-3274.7473793276404
cv,2,ridge_log_history,2026-04-20,2026-05-04,6455.0,7328.812732308226,-873.8127323082263
cv,2,xgb_target_history,2026-04-20,2026-05-04,6455.0,10369.1728515625,-3914.1728515625
cv,2,xgb_gdelt_features,2026-04-20,2026-05-04,6455.0,9967.001953125,-3512.001953125
cv,2,xgb_gdelt_world_bank,2026-04-20,2026-05-04,6455.0,9721.1689453125,-3266.1689453125
cv,2,last_value,2026-04-27,2026-05-11,7725.0,6605.0,1120.0
cv,2,rolling_mean_4w,2026-04-27,2026-05-11,7725.0,8315.25,-590.25
cv,2,seasonal_naive_52w,2026-04-27,2026-05-11,7725.0,9369.0,-1644.0
cv,2,ets,2026-04-27,2026-05-11,7725.0,8792.323165529348,-1067.3231655293475
cv,2,ridge_log_history,2026-04-27,2026-05-11,7725.0,6573.567122187549,1151.432877812451
cv,2,xgb_target_history,2026-04-27,2026-05-11,7725.0,8087.0107421875,-362.0107421875
cv,2,xgb_gdelt_features,2026-04-27,2026-05-11,7725.0,7520.04443359375,204.95556640625
cv,2,xgb_gdelt_world_bank,2026-04-27,2026-05-11,7725.0,7571.56201171875,153.43798828125
cv,2,last_value,2026-05-04,2026-05-18,6336.0,6455.0,-119.0
cv,2,rolling_mean_4w,2026-05-04,2026-05-18,6336.0,7026.0,-690.0
cv,2,seasonal_naive_52w,2026-05-04,2026-05-18,6336.0,12823.0,-6487.0
cv,2,ets,2026-05-04,2026-05-18,6336.0,8091.126215870543,-1755.126215870543
cv,2,ridge_log_history,2026-05-04,2026-05-18,6336.0,6426.968052765326,-90.96805276532632
cv,2,xgb_target_history,2026-05-04,2026-05-18,6336.0,6620.8203125,-284.8203125
cv,2,xgb_gdelt_features,2026-05-04,2026-05-18,6336.0,6726.23779296875,-390.23779296875
cv,2,xgb_gdelt_world_bank,2026-05-04,2026-05-18,6336.0,6654.9541015625,-318.9541015625
cv,2,last_value,2026-05-11,2026-05-25,7625.0,7725.0,-100.0
cv,2,rolling_mean_4w,2026-05-11,2026-05-25,7625.0,7082.5,542.5
cv,2,seasonal_naive_52w,2026-05-11,2026-05-25,7625.0,10072.0,-2447.0
cv,2,ets,2026-05-11,2026-05-25,7625.0,7981.28835110938,-356.2883511093796
cv,2,ridge_log_history,2026-05-11,2026-05-25,7625.0,6942.508601930886,682.4913980691144
cv,2,xgb_target_history,2026-05-11,2026-05-25,7625.0,6692.708984375,932.291015625
cv,2,xgb_gdelt_features,2026-05-11,2026-05-25,7625.0,7547.576171875,77.423828125
cv,2,xgb_gdelt_world_bank,2026-05-11,2026-05-25,7625.0,7702.908203125,-77.908203125
cv,2,last_value,2026-05-18,2026-06-01,9604.0,6336.0,3268.0
cv,2,rolling_mean_4w,2026-05-18,2026-06-01,9604.0,6780.25,2823.75
cv,2,seasonal_naive_52w,2026-05-18,2026-06-01,9604.0,9489.0,115.0
cv,2,ets,2026-05-18,2026-06-01,9604.0,7487.701845776565,2116.2981542234347
cv,2,ridge_log_history,2026-05-18,2026-06-01,9604.0,6087.40928902815,3516.59071097185
cv,2,xgb_target_history,2026-05-18,2026-06-01,9604.0,6871.7138671875,2732.2861328125
cv,2,xgb_gdelt_features,2026-05-18,2026-06-01,9604.0,7704.4658203125,1899.5341796875
cv,2,xgb_gdelt_world_bank,2026-05-18,2026-06-01,9604.0,7967.23095703125,1636.76904296875
holdout,2,last_value,2026-05-25,2026-06-08,9429.0,7625.0,1804.0
holdout,2,rolling_mean_4w,2026-05-25,2026-06-08,9429.0,7035.25,2393.75
holdout,2,seasonal_naive_52w,2026-05-25,2026-06-08,9429.0,13383.0,-3954.0
holdout,2,ets,2026-05-25,2026-06-08,9429.0,7528.891292043595,1900.108707956405
holdout,2,ridge_log_history,2026-05-25,2026-06-08,9429.0,6755.396774573772,2673.603225426228
holdout,2,xgb_target_history,2026-05-25,2026-06-08,9429.0,6958.32080078125,2470.67919921875
holdout,2,xgb_gdelt_features,2026-05-25,2026-06-08,9429.0,7650.43115234375,1778.56884765625
holdout,2,xgb_gdelt_world_bank,2026-05-25,2026-06-08,9429.0,7891.3701171875,1537.6298828125
holdout,2,last_value,2026-06-01,2026-06-15,7119.0,9604.0,-2485.0
holdout,2,rolling_mean_4w,2026-06-01,2026-06-15,7119.0,7822.5,-703.5
holdout,2,seasonal_naive_52w,2026-06-01,2026-06-15,7119.0,117.0,7002.0
holdout,2,ets,2026-06-01,2026-06-15,7119.0,8151.423904430516,-1032.423904430516
holdout,2,ridge_log_history,2026-06-01,2026-06-15,7119.0,7577.048938667572,-458.04893866757175
holdout,2,xgb_target_history,2026-06-01,2026-06-15,7119.0,8834.83984375,-1715.83984375
holdout,2,xgb_gdelt_features,2026-06-01,2026-06-15,7119.0,8439.6181640625,-1320.6181640625
holdout,2,xgb_gdelt_world_bank,2026-06-01,2026-06-15,7119.0,8388.9599609375,-1269.9599609375
holdout,2,last_value,2026-06-08,2026-06-22,5451.0,9429.0,-3978.0
holdout,2,rolling_mean_4w,2026-06-08,2026-06-22,5451.0,8248.5,-2797.5
holdout,2,seasonal_naive_52w,2026-06-08,2026-06-22,5451.0,111.0,5340.0
holdout,2,ets,2026-06-08,2026-06-22,5451.0,8534.69673310136,-3083.69673310136
holdout,2,ridge_log_history,2026-06-08,2026-06-22,5451.0,7718.47648053041,-2267.4764805304103
holdout,2,xgb_target_history,2026-06-08,2026-06-22,5451.0,8721.8486328125,-3270.8486328125
holdout,2,xgb_gdelt_features,2026-06-08,2026-06-22,5451.0,8470.13671875,-3019.13671875
holdout,2,xgb_gdelt_world_bank,2026-06-08,2026-06-22,5451.0,8504.205078125,-3053.205078125
holdout,2,last_value,2026-06-15,2026-06-29,5032.0,7119.0,-2087.0
holdout,2,rolling_mean_4w,2026-06-15,2026-06-29,5032.0,8444.25,-3412.25
holdout,2,seasonal_naive_52w,2026-06-15,2026-06-29,5032.0,6949.0,-1917.0
holdout,2,ets,2026-06-15,2026-06-29,5032.0,8109.987713170952,-3077.987713170952
holdout,2,ridge_log_history,2026-06-15,2026-06-29,5032.0,7010.704069527483,-1978.7040695274827
holdout,2,xgb_target_history,2026-06-15,2026-06-29,5032.0,8091.36962890625,-3059.36962890625
holdout,2,xgb_gdelt_features,2026-06-15,2026-06-29,5032.0,8058.83251953125,-3026.83251953125
holdout,2,xgb_gdelt_world_bank,2026-06-15,2026-06-29,5032.0,8210.9873046875,-3178.9873046875
holdout,2,last_value,2026-06-22,2026-07-06,5155.0,5451.0,-296.0
holdout,2,rolling_mean_4w,2026-06-22,2026-07-06,5155.0,7900.75,-2745.75
holdout,2,seasonal_naive_52w,2026-06-22,2026-07-06,5155.0,10339.0,-5184.0
holdout,2,ets,2026-06-22,2026-07-06,5155.0,7312.291399219666,-2157.2913992196663
holdout,2,ridge_log_history,2026-06-22,2026-07-06,5155.0,6166.027554999473,-1011.0275549994731
holdout,2,xgb_target_history,2026-06-22,2026-07-06,5155.0,7816.8798828125,-2661.8798828125
holdout,2,xgb_gdelt_features,2026-06-22,2026-07-06,5155.0,7013.4169921875,-1858.4169921875
holdout,2,xgb_gdelt_world_bank,2026-06-22,2026-07-06,5155.0,6907.85888671875,-1752.85888671875
holdout,2,last_value,2026-06-29,2026-07-13,4723.0,5032.0,-309.0
holdout,2,rolling_mean_4w,2026-06-29,2026-07-13,4723.0,6757.75,-2034.75
holdout,2,seasonal_naive_52w,2026-06-29,2026-07-13,4723.0,11457.0,-6734.0
holdout,2,ets,2026-06-29,2026-07-13,4723.0,6628.203979453767,-1905.2039794537668
holdout,2,ridge_log_history,2026-06-29,2026-07-13,4723.0,5782.834970458949,-1059.834970458949
holdout,2,xgb_target_history,2026-06-29,2026-07-13,4723.0,6840.21875,-2117.21875
holdout,2,xgb_gdelt_features,2026-06-29,2026-07-13,4723.0,6627.04931640625,-1904.04931640625
holdout,2,xgb_gdelt_world_bank,2026-06-29,2026-07-13,4723.0,6677.07080078125,-1954.07080078125
holdout,2,last_value,2026-07-06,2026-07-20,6697.0,5155.0,1542.0
holdout,2,rolling_mean_4w,2026-07-06,2026-07-20,6697.0,5689.25,1007.75
holdout,2,seasonal_naive_52w,2026-07-06,2026-07-20,6697.0,8798.0,-2101.0
holdout,2,ets,2026-07-06,2026-07-20,6697.0,6186.242785617636,510.7572143823636
holdout,2,ridge_log_history,2026-07-06,2026-07-20,6697.0,5618.349195749524,1078.6508042504756
holdout,2,xgb_target_history,2026-07-06,2026-07-20,6697.0,6670.228515625,26.771484375
holdout,2,xgb_gdelt_features,2026-07-06,2026-07-20,6697.0,6513.6689453125,183.3310546875
holdout,2,xgb_gdelt_world_bank,2026-07-06,2026-07-20,6697.0,6627.150390625,69.849609375
holdout,2,last_value,2026-07-13,2026-07-27,5826.0,4723.0,1103.0
holdout,2,rolling_mean_4w,2026-07-13,2026-07-27,5826.0,5090.25,735.75
holdout,2,seasonal_naive_52w,2026-07-13,2026-07-27,5826.0,8739.0,-2913.0
holdout,2,ets,2026-07-13,2026-07-27,5826.0,5747.269949932344,78.73005006765561
holdout,2,ridge_log_history,2026-07-13,2026-07-27,5826.0,5406.821989092827,419.1780109071733
holdout,2,xgb_target_history,2026-07-13,2026-07-27,5826.0,6606.08740234375,-780.08740234375
holdout,2,xgb_gdelt_features,2026-07-13,2026-07-27,5826.0,6471.3115234375,-645.3115234375
holdout,2,xgb_gdelt_world_bank,2026-07-13,2026-07-27,5826.0,6526.39111328125,-700.39111328125
holdout,2,last_value,2026-07-20,2026-08-03,5262.0,6697.0,-1435.0
holdout,2,rolling_mean_4w,2026-07-20,2026-08-03,5262.0,5401.75,-139.75
holdout,2,seasonal_naive_52w,2026-07-20,2026-08-03,5262.0,8241.0,-2979.0
holdout,2,ets,2026-07-20,2026-08-03,5262.0,6032.18896495264,-770.1889649526402
holdout,2,ridge_log_history,2026-07-20,2026-08-03,5262.0,5980.575026156945,-718.5750261569447
holdout,2,xgb_target_history,2026-07-20,2026-08-03,5262.0,6313.18017578125,-1051.18017578125
holdout,2,xgb_gdelt_features,2026-07-20,2026-08-03,5262.0,6338.373046875,-1076.373046875
holdout,2,xgb_gdelt_world_bank,2026-07-20,2026-08-03,5262.0,6388.39599609375,-1126.39599609375
holdout,2,last_value,2026-07-27,2026-08-10,5175.0,5826.0,-651.0
holdout,2,rolling_mean_4w,2026-07-27,2026-08-10,5175.0,5600.25,-425.25
holdout,2,seasonal_naive_52w,2026-07-27,2026-08-10,5175.0,8676.0,-3501.0
holdout,2,ets,2026-07-27,2026-08-10,5175.0,5970.332275466848,-795.3322754668479
holdout,2,ridge_log_history,2026-07-27,2026-08-10,5175.0,5587.484721962066,-412.48472196206603
holdout,2,xgb_target_history,2026-07-27,2026-08-10,5175.0,6260.82568359375,-1085.82568359375
holdout,2,xgb_gdelt_features,2026-07-27,2026-08-10,5175.0,7360.8076171875,-2185.8076171875
holdout,2,xgb_gdelt_world_bank,2026-07-27,2026-08-10,5175.0,7485.27783203125,-2310.27783203125
holdout,2,last_value,2026-08-03,2026-08-17,7098.0,5262.0,1836.0
holdout,2,rolling_mean_4w,2026-08-03,2026-08-17,7098.0,5627.0,1471.0
holdout,2,seasonal_naive_52w,2026-08-03,2026-08-17,7098.0,7926.0,-828.0
holdout,2,ets,2026-08-03,2026-08-17,7098.0,5757.832592826793,1340.1674071732068
holdout,2,ridge_log_history,2026-08-03,2026-08-17,7098.0,5354.295770159021,1743.7042298409788
holdout,2,xgb_target_history,2026-08-03,2026-08-17,7098.0,6595.22216796875,502.77783203125
holdout,2,xgb_gdelt_features,2026-08-03,2026-08-17,7098.0,6488.99267578125,609.00732421875
holdout,2,xgb_gdelt_world_bank,2026-08-03,2026-08-17,7098.0,6563.14111328125,534.85888671875
holdout,2,last_value,2026-08-10,2026-08-24,5641.0,5175.0,466.0
holdout,2,rolling_mean_4w,2026-08-10,2026-08-24,5641.0,5740.0,-99.0
holdout,2,seasonal_naive_52w,2026-08-10,2026-08-24,5641.0,11514.0,-5873.0
holdout,2,ets,2026-08-10,2026-08-24,5641.0,5582.982814978755,58.017185021244586
holdout,2,ridge_log_history,2026-08-10,2026-08-24,5641.0,5240.072644647515,400.9273553524854
holdout,2,xgb_target_history,2026-08-10,2026-08-24,5641.0,6232.0947265625,-591.0947265625
holdout,2,xgb_gdelt_features,2026-08-10,2026-08-24,5641.0,6431.79931640625,-790.79931640625
holdout,2,xgb_gdelt_world_bank,2026-08-10,2026-08-24,5641.0,6392.69287109375,-751.69287109375
cv,3,last_value,2025-09-22,2025-10-13,10751.0,9498.0,1253.0
cv,3,rolling_mean_4w,2025-09-22,2025-10-13,10751.0,10339.0,412.0
cv,3,seasonal_naive_52w,2025-09-22,2025-10-13,10751.0,21154.0,-10403.0
cv,3,ets,2025-09-22,2025-10-13,10751.0,10144.112565681558,606.8874343184416
cv,3,ridge_log_history,2025-09-22,2025-10-13,10751.0,8008.619618044575,2742.380381955425
cv,3,xgb_target_history,2025-09-22,2025-10-13,10751.0,15020.30078125,-4269.30078125
cv,3,xgb_gdelt_features,2025-09-22,2025-10-13,10751.0,16212.2197265625,-5461.2197265625
cv,3,xgb_gdelt_world_bank,2025-09-22,2025-10-13,10751.0,17494.3671875,-6743.3671875
cv,3,last_value,2025-09-29,2025-10-20,7634.0,9351.0,-1717.0
cv,3,rolling_mean_4w,2025-09-29,2025-10-20,7634.0,10655.5,-3021.5
cv,3,seasonal_naive_52w,2025-09-29,2025-10-20,7634.0,18993.0,-11359.0
cv,3,ets,2025-09-29,2025-10-20,7634.0,9906.17879597709,-2272.17879597709
cv,3,ridge_log_history,2025-09-29,2025-10-20,7634.0,8198.463817725595,-564.4638177255947
cv,3,xgb_target_history,2025-09-29,2025-10-20,7634.0,12245.2490234375,-4611.2490234375
cv,3,xgb_gdelt_features,2025-09-29,2025-10-20,7634.0,14587.818359375,-6953.818359375
cv,3,xgb_gdelt_world_bank,2025-09-29,2025-10-20,7634.0,15188.3427734375,-7554.3427734375
cv,3,last_value,2025-10-06,2025-10-27,7976.0,11013.0,-3037.0
cv,3,rolling_mean_4w,2025-10-06,2025-10-27,7976.0,10150.25,-2174.25
cv,3,seasonal_naive_52w,2025-10-06,2025-10-27,7976.0,15416.0,-7440.0
cv,3,ets,2025-10-06,2025-10-27,7976.0,10238.225157183962,-2262.2251571839624
cv,3,ridge_log_history,2025-10-06,2025-10-27,7976.0,8785.52923507523,-809.5292350752297
cv,3,xgb_target_history,2025-10-06,2025-10-27,7976.0,12214.4814453125,-4238.4814453125
cv,3,xgb_gdelt_features,2025-10-06,2025-10-27,7976.0,13741.28515625,-5765.28515625
cv,3,xgb_gdelt_world_bank,2025-10-06,2025-10-27,7976.0,14764.111328125,-6788.111328125
cv,3,last_value,2025-10-13,2025-11-03,7670.0,10751.0,-3081.0
cv,3,rolling_mean_4w,2025-10-13,2025-11-03,7670.0,10153.25,-2483.25
cv,3,seasonal_naive_52w,2025-10-13,2025-11-03,7670.0,11659.0,-3989.0
cv,3,ets,2025-10-13,2025-11-03,7670.0,10392.057610028773,-2722.0576100287726
cv,3,ridge_log_history,2025-10-13,2025-11-03,7670.0,8865.993184466259,-1195.9931844662588
cv,3,xgb_target_history,2025-10-13,2025-11-03,7670.0,10830.908203125,-3160.908203125
cv,3,xgb_gdelt_features,2025-10-13,2025-11-03,7670.0,12015.392578125,-4345.392578125
cv,3,xgb_gdelt_world_bank,2025-10-13,2025-11-03,7670.0,12116.896484375,-4446.896484375
cv,3,last_value,2025-10-20,2025-11-10,6310.0,7634.0,-1324.0
cv,3,rolling_mean_4w,2025-10-20,2025-11-10,6310.0,9687.25,-3377.25
cv,3,seasonal_naive_52w,2025-10-20,2025-11-10,6310.0,11614.0,-5304.0
cv,3,ets,2025-10-20,2025-11-10,6310.0,9564.64032702014,-3254.640327020141
cv,3,ridge_log_history,2025-10-20,2025-11-10,6310.0,7368.003712422878,-1058.0037124228784
cv,3,xgb_target_history,2025-10-20,2025-11-10,6310.0,10419.6787109375,-4109.6787109375
cv,3,xgb_gdelt_features,2025-10-20,2025-11-10,6310.0,11179.1630859375,-4869.1630859375
cv,3,xgb_gdelt_world_bank,2025-10-20,2025-11-10,6310.0,11356.0322265625,-5046.0322265625
cv,3,last_value,2025-10-27,2025-11-17,7545.0,7976.0,-431.0
cv,3,rolling_mean_4w,2025-10-27,2025-11-17,7545.0,9343.5,-1798.5
cv,3,seasonal_naive_52w,2025-10-27,2025-11-17,7545.0,12066.0,-4521.0
cv,3,ets,2025-10-27,2025-11-17,7545.0,9088.048228914098,-1543.0482289140982
cv,3,ridge_log_history,2025-10-27,2025-11-17,7545.0,7183.665746878217,361.33425312178315
cv,3,xgb_target_history,2025-10-27,2025-11-17,7545.0,10261.9033203125,-2716.9033203125
cv,3,xgb_gdelt_features,2025-10-27,2025-11-17,7545.0,10828.9873046875,-3283.9873046875
cv,3,xgb_gdelt_world_bank,2025-10-27,2025-11-17,7545.0,10818.8818359375,-3273.8818359375
cv,3,last_value,2025-11-03,2025-11-24,7075.0,7670.0,-595.0
cv,3,rolling_mean_4w,2025-11-03,2025-11-24,7075.0,8507.75,-1432.75
cv,3,seasonal_naive_52w,2025-11-03,2025-11-24,7075.0,10993.0,-3918.0
cv,3,ets,2025-11-03,2025-11-24,7075.0,8662.633760239867,-1587.6337602398671
cv,3,ridge_log_history,2025-11-03,2025-11-24,7075.0,6672.404828679293,402.59517132070687
cv,3,xgb_target_history,2025-11-03,2025-11-24,7075.0,9916.5517578125,-2841.5517578125
cv,3,xgb_gdelt_features,2025-11-03,2025-11-24,7075.0,10237.046875,-3162.046875
cv,3,xgb_gdelt_world_bank,2025-11-03,2025-11-24,7075.0,10309.822265625,-3234.822265625
cv,3,last_value,2025-11-10,2025-12-01,6359.0,6310.0,49.0
cv,3,rolling_mean_4w,2025-11-10,2025-12-01,6359.0,7397.5,-1038.5
cv,3,seasonal_naive_52w,2025-11-10,2025-12-01,6359.0,9570.0,-3211.0
cv,3,ets,2025-11-10,2025-12-01,6359.0,7956.843632167906,-1597.8436321679064
cv,3,ridge_log_history,2025-11-10,2025-12-01,6359.0,6035.316835324925,323.6831646750752
cv,3,xgb_target_history,2025-11-10,2025-12-01,6359.0,8402.0419921875,-2043.0419921875
cv,3,xgb_gdelt_features,2025-11-10,2025-12-01,6359.0,8674.30078125,-2315.30078125
cv,3,xgb_gdelt_world_bank,2025-11-10,2025-12-01,6359.0,8814.9013671875,-2455.9013671875
cv,3,last_value,2025-11-17,2025-12-08,5628.0,7545.0,-1917.0
cv,3,rolling_mean_4w,2025-11-17,2025-12-08,5628.0,7375.25,-1747.25
cv,3,seasonal_naive_52w,2025-11-17,2025-12-08,5628.0,10792.0,-5164.0
cv,3,ets,2025-11-17,2025-12-08,5628.0,7833.290542517534,-2205.290542517534
cv,3,ridge_log_history,2025-11-17,2025-12-08,5628.0,6455.735526282108,-827.7355262821084
cv,3,xgb_target_history,2025-11-17,2025-12-08,5628.0,8298.400390625,-2670.400390625
cv,3,xgb_gdelt_features,2025-11-17,2025-12-08,5628.0,8179.451171875,-2551.451171875
cv,3,xgb_gdelt_world_bank,2025-11-17,2025-12-08,5628.0,8354.66796875,-2726.66796875
cv,3,last_value,2025-11-24,2025-12-15,5432.0,7075.0,-1643.0
cv,3,rolling_mean_4w,2025-11-24,2025-12-15,5432.0,7150.0,-1718.0
cv,3,seasonal_naive_52w,2025-11-24,2025-12-15,5432.0,9884.0,-4452.0
cv,3,ets,2025-11-24,2025-12-15,5432.0,7605.803379762274,-2173.803379762274
cv,3,ridge_log_history,2025-11-24,2025-12-15,5432.0,6138.685785321686,-706.6857853216861
cv,3,xgb_target_history,2025-11-24,2025-12-15,5432.0,8229.4013671875,-2797.4013671875
cv,3,xgb_gdelt_features,2025-11-24,2025-12-15,5432.0,8464.6943359375,-3032.6943359375
cv,3,xgb_gdelt_world_bank,2025-11-24,2025-12-15,5432.0,8991.375,-3559.375
cv,3,last_value,2025-12-01,2025-12-22,5628.0,6359.0,-731.0
cv,3,rolling_mean_4w,2025-12-01,2025-12-22,5628.0,6822.25,-1194.25
cv,3,seasonal_naive_52w,2025-12-01,2025-12-22,5628.0,10851.0,-5223.0
cv,3,ets,2025-12-01,2025-12-22,5628.0,7231.7623658335915,-1603.7623658335915
cv,3,ridge_log_history,2025-12-01,2025-12-22,5628.0,5973.70906187397,-345.7090618739703
cv,3,xgb_target_history,2025-12-01,2025-12-22,5628.0,7919.869140625,-2291.869140625
cv,3,xgb_gdelt_features,2025-12-01,2025-12-22,5628.0,8433.78515625,-2805.78515625
cv,3,xgb_gdelt_world_bank,2025-12-01,2025-12-22,5628.0,8737.3828125,-3109.3828125
cv,3,last_value,2025-12-08,2025-12-29,4584.0,5628.0,-1044.0
cv,3,rolling_mean_4w,2025-12-08,2025-12-29,4584.0,6651.75,-2067.75
cv,3,seasonal_naive_52w,2025-12-08,2025-12-29,4584.0,9501.0,-4917.0
cv,3,ets,2025-12-08,2025-12-29,4584.0,6750.633656083513,-2166.6336560835134
cv,3,ridge_log_history,2025-12-08,2025-12-29,4584.0,5400.771977467228,-816.7719774672278
cv,3,xgb_target_history,2025-12-08,2025-12-29,4584.0,7597.78271484375,-3013.78271484375
cv,3,xgb_gdelt_features,2025-12-08,2025-12-29,4584.0,7329.53076171875,-2745.53076171875
cv,3,xgb_gdelt_world_bank,2025-12-08,2025-12-29,4584.0,7568.443359375,-2984.443359375
cv,3,last_value,2025-12-15,2026-01-05,4793.0,5432.0,-639.0
cv,3,rolling_mean_4w,2025-12-15,2026-01-05,4793.0,6123.5,-1330.5
cv,3,seasonal_naive_52w,2025-12-15,2026-01-05,4793.0,8661.0,-3868.0
cv,3,ets,2025-12-15,2026-01-05,4793.0,6355.043559258458,-1562.0435592584581
cv,3,ridge_log_history,2025-12-15,2026-01-05,4793.0,5820.189146649306,-1027.1891466493062
cv,3,xgb_target_history,2025-12-15,2026-01-05,4793.0,7166.14306640625,-2373.14306640625
cv,3,xgb_gdelt_features,2025-12-15,2026-01-05,4793.0,7013.31689453125,-2220.31689453125
cv,3,xgb_gdelt_world_bank,2025-12-15,2026-01-05,4793.0,7501.01318359375,-2708.01318359375
cv,3,last_value,2025-12-22,2026-01-12,4882.0,5628.0,-746.0
cv,3,rolling_mean_4w,2025-12-22,2026-01-12,4882.0,5761.75,-879.75
cv,3,seasonal_naive_52w,2025-12-22,2026-01-12,4882.0,10684.0,-5802.0
cv,3,ets,2025-12-22,2026-01-12,4882.0,6136.93049148092,-1254.93049148092
cv,3,ridge_log_history,2025-12-22,2026-01-12,4882.0,5791.353706015736,-909.353706015736
cv,3,xgb_target_history,2025-12-22,2026-01-12,4882.0,6962.93408203125,-2080.93408203125
cv,3,xgb_gdelt_features,2025-12-22,2026-01-12,4882.0,7129.12939453125,-2247.12939453125
cv,3,xgb_gdelt_world_bank,2025-12-22,2026-01-12,4882.0,7527.93701171875,-2645.93701171875
cv,3,last_value,2025-12-29,2026-01-19,4739.0,4584.0,155.0
cv,3,rolling_mean_4w,2025-12-29,2026-01-19,4739.0,5318.0,-579.0
cv,3,seasonal_naive_52w,2025-12-29,2026-01-19,4739.0,10242.0,-5503.0
cv,3,ets,2025-12-29,2026-01-19,4739.0,5671.051344036644,-932.051344036644
cv,3,ridge_log_history,2025-12-29,2026-01-19,4739.0,5492.4319960085195,-753.4319960085195
cv,3,xgb_target_history,2025-12-29,2026-01-19,4739.0,6829.88720703125,-2090.88720703125
cv,3,xgb_gdelt_features,2025-12-29,2026-01-19,4739.0,7224.81396484375,-2485.81396484375
cv,3,xgb_gdelt_world_bank,2025-12-29,2026-01-19,4739.0,7228.28759765625,-2489.28759765625
cv,3,last_value,2026-01-05,2026-01-26,5560.0,4793.0,767.0
cv,3,rolling_mean_4w,2026-01-05,2026-01-26,5560.0,5109.25,450.75
cv,3,seasonal_naive_52w,2026-01-05,2026-01-26,5560.0,8754.0,-3194.0
cv,3,ets,2026-01-05,2026-01-26,5560.0,5407.63594082565,152.36405917434968
cv,3,ridge_log_history,2026-01-05,2026-01-26,5560.0,5508.043581749831,51.95641825016901
cv,3,xgb_target_history,2026-01-05,2026-01-26,5560.0,6517.142578125,-957.142578125
cv,3,xgb_gdelt_features,2026-01-05,2026-01-26,5560.0,7086.4384765625,-1526.4384765625
cv,3,xgb_gdelt_world_bank,2026-01-05,2026-01-26,5560.0,6918.72412109375,-1358.72412109375
cv,3,last_value,2026-01-12,2026-02-02,4773.0,4882.0,-109.0
cv,3,rolling_mean_4w,2026-01-12,2026-02-02,4773.0,4971.75,-198.75
cv,3,seasonal_naive_52w,2026-01-12,2026-02-02,4773.0,7863.0,-3090.0
cv,3,ets,2026-01-12,2026-02-02,4773.0,5249.945158577955,-476.9451585779552
cv,3,ridge_log_history,2026-01-12,2026-02-02,4773.0,5267.508071094491,-494.50807109449124
cv,3,xgb_target_history,2026-01-12,2026-02-02,4773.0,6283.0341796875,-1510.0341796875
cv,3,xgb_gdelt_features,2026-01-12,2026-02-02,4773.0,6619.974609375,-1846.974609375
cv,3,xgb_gdelt_world_bank,2026-01-12,2026-02-02,4773.0,6525.9990234375,-1752.9990234375
cv,3,last_value,2026-01-19,2026-02-09,4760.0,4739.0,21.0
cv,3,rolling_mean_4w,2026-01-19,2026-02-09,4760.0,4749.5,10.5
cv,3,seasonal_naive_52w,2026-01-19,2026-02-09,4760.0,7429.0,-2669.0
cv,3,ets,2026-01-19,2026-02-09,4760.0,5096.661611004569,-336.66161100456884
cv,3,ridge_log_history,2026-01-19,2026-02-09,4760.0,5195.7631613117965,-435.76316131179647
cv,3,xgb_target_history,2026-01-19,2026-02-09,4760.0,6175.69287109375,-1415.69287109375
cv,3,xgb_gdelt_features,2026-01-19,2026-02-09,4760.0,6851.36328125,-2091.36328125
cv,3,xgb_gdelt_world_bank,2026-01-19,2026-02-09,4760.0,6620.78271484375,-1860.78271484375
cv,3,last_value,2026-01-26,2026-02-16,5252.0,5560.0,-308.0
cv,3,rolling_mean_4w,2026-01-26,2026-02-16,5252.0,4993.5,258.5
cv,3,seasonal_naive_52w,2026-01-26,2026-02-16,5252.0,8593.0,-3341.0
cv,3,ets,2026-01-26,2026-02-16,5252.0,5235.6631277031975,16.33687229680254
cv,3,ridge_log_history,2026-01-26,2026-02-16,5252.0,5400.282430597983,-148.28243059798297
cv,3,xgb_target_history,2026-01-26,2026-02-16,5252.0,6799.21875,-1547.21875
cv,3,xgb_gdelt_features,2026-01-26,2026-02-16,5252.0,7413.3623046875,-2161.3623046875
cv,3,xgb_gdelt_world_bank,2026-01-26,2026-02-16,5252.0,6563.12255859375,-1311.12255859375
cv,3,last_value,2026-02-02,2026-02-23,10800.0,4773.0,6027.0
cv,3,rolling_mean_4w,2026-02-02,2026-02-23,10800.0,4988.5,5811.5
cv,3,seasonal_naive_52w,2026-02-02,2026-02-23,10800.0,7443.0,3357.0
cv,3,ets,2026-02-02,2026-02-23,10800.0,5096.864189392238,5703.135810607762
cv,3,ridge_log_history,2026-02-02,2026-02-23,10800.0,5156.235991716123,5643.764008283877
cv,3,xgb_target_history,2026-02-02,2026-02-23,10800.0,6536.5751953125,4263.4248046875
cv,3,xgb_gdelt_features,2026-02-02,2026-02-23,10800.0,7225.9716796875,3574.0283203125
cv,3,xgb_gdelt_world_bank,2026-02-02,2026-02-23,10800.0,6054.8525390625,4745.1474609375
cv,3,last_value,2026-02-09,2026-03-02,19899.0,4760.0,15139.0
cv,3,rolling_mean_4w,2026-02-09,2026-03-02,19899.0,4958.0,14941.0
cv,3,seasonal_naive_52w,2026-02-09,2026-03-02,19899.0,6828.0,13071.0
cv,3,ets,2026-02-09,2026-03-02,19899.0,4995.804932574566,14903.195067425433
cv,3,ridge_log_history,2026-02-09,2026-03-02,19899.0,5135.409334340542,14763.590665659458
cv,3,xgb_target_history,2026-02-09,2026-03-02,19899.0,6499.453125,13399.546875
cv,3,xgb_gdelt_features,2026-02-09,2026-03-02,19899.0,7138.640625,12760.359375
cv,3,xgb_gdelt_world_bank,2026-02-09,2026-03-02,19899.0,6175.375,13723.625
cv,3,last_value,2026-02-16,2026-03-09,14394.0,5252.0,9142.0
cv,3,rolling_mean_4w,2026-02-16,2026-03-09,14394.0,5086.25,9307.75
cv,3,seasonal_naive_52w,2026-02-16,2026-03-09,14394.0,6897.0,7497.0
cv,3,ets,2026-02-16,2026-03-09,14394.0,5072.663452802196,9321.336547197803
cv,3,ridge_log_history,2026-02-16,2026-03-09,14394.0,5289.198955616887,9104.801044383112
cv,3,xgb_target_history,2026-02-16,2026-03-09,14394.0,7147.619140625,7246.380859375
cv,3,xgb_gdelt_features,2026-02-16,2026-03-09,14394.0,6979.40185546875,7414.59814453125
cv,3,xgb_gdelt_world_bank,2026-02-16,2026-03-09,14394.0,6276.96142578125,8117.03857421875
cv,3,last_value,2026-02-23,2026-03-16,14483.0,10800.0,3683.0
cv,3,rolling_mean_4w,2026-02-23,2026-03-16,14483.0,6396.25,8086.75
cv,3,seasonal_naive_52w,2026-02-23,2026-03-16,14483.0,12568.0,1915.0
cv,3,ets,2026-02-23,2026-03-16,14483.0,6790.864416961536,7692.135583038464
cv,3,ridge_log_history,2026-02-23,2026-03-16,14483.0,6539.719725616373,7943.280274383627
cv,3,xgb_target_history,2026-02-23,2026-03-16,14483.0,6191.79248046875,8291.20751953125
cv,3,xgb_gdelt_features,2026-02-23,2026-03-16,14483.0,6502.0009765625,7980.9990234375
cv,3,xgb_gdelt_world_bank,2026-02-23,2026-03-16,14483.0,6730.9091796875,7752.0908203125
cv,3,last_value,2026-03-02,2026-03-23,13088.0,19899.0,-6811.0
cv,3,rolling_mean_4w,2026-03-02,2026-03-23,13088.0,10177.75,2910.25
cv,3,seasonal_naive_52w,2026-03-02,2026-03-23,13088.0,10650.0,2438.0
cv,3,ets,2026-03-02,2026-03-23,13088.0,10723.305091873075,2364.694908126925
cv,3,ridge_log_history,2026-03-02,2026-03-23,13088.0,9585.31933877745,3502.68066122255
cv,3,xgb_target_history,2026-03-02,2026-03-23,13088.0,21640.33203125,-8552.33203125
cv,3,xgb_gdelt_features,2026-03-02,2026-03-23,13088.0,22108.921875,-9020.921875
cv,3,xgb_gdelt_world_bank,2026-03-02,2026-03-23,13088.0,20822.22265625,-7734.22265625
cv,3,last_value,2026-03-09,2026-03-30,10888.0,14394.0,-3506.0
cv,3,rolling_mean_4w,2026-03-09,2026-03-30,10888.0,12586.25,-1698.25
cv,3,seasonal_naive_52w,2026-03-09,2026-03-30,10888.0,9351.0,1537.0
cv,3,ets,2026-03-09,2026-03-30,10888.0,11824.513564311152,-936.5135643111516
cv,3,ridge_log_history,2026-03-09,2026-03-30,10888.0,8597.113006498012,2290.8869935019884
cv,3,xgb_target_history,2026-03-09,2026-03-30,10888.0,24399.521484375,-13511.521484375
cv,3,xgb_gdelt_features,2026-03-09,2026-03-30,10888.0,24372.751953125,-13484.751953125
cv,3,xgb_gdelt_world_bank,2026-03-09,2026-03-30,10888.0,22754.091796875,-11866.091796875
cv,3,last_value,2026-03-16,2026-04-06,11612.0,14483.0,-2871.0
cv,3,rolling_mean_4w,2026-03-16,2026-04-06,11612.0,14894.0,-3282.0
cv,3,seasonal_naive_52w,2026-03-16,2026-04-06,11612.0,8487.0,3125.0
cv,3,ets,2026-03-16,2026-04-06,11612.0,12622.059495017806,-1010.0594950178056
cv,3,ridge_log_history,2026-03-16,2026-04-06,11612.0,9670.5896536239,1941.4103463761003
cv,3,xgb_target_history,2026-03-16,2026-04-06,11612.0,20142.365234375,-8530.365234375
cv,3,xgb_gdelt_features,2026-03-16,2026-04-06,11612.0,21744.681640625,-10132.681640625
cv,3,xgb_gdelt_world_bank,2026-03-16,2026-04-06,11612.0,21050.1171875,-9438.1171875
cv,3,last_value,2026-03-23,2026-04-13,7499.0,13088.0,-5589.0
cv,3,rolling_mean_4w,2026-03-23,2026-04-13,7499.0,15466.0,-7967.0
cv,3,seasonal_naive_52w,2026-03-23,2026-04-13,7499.0,8131.0,-632.0
cv,3,ets,2026-03-23,2026-04-13,7499.0,12761.841646512463,-5262.841646512463
cv,3,ridge_log_history,2026-03-23,2026-04-13,7499.0,8985.492621145124,-1486.4926211451238
cv,3,xgb_target_history,2026-03-23,2026-04-13,7499.0,17317.517578125,-9818.517578125
cv,3,xgb_gdelt_features,2026-03-23,2026-04-13,7499.0,17555.5703125,-10056.5703125
cv,3,xgb_gdelt_world_bank,2026-03-23,2026-04-13,7499.0,16852.318359375,-9353.318359375
cv,3,last_value,2026-03-30,2026-04-20,7545.0,10888.0,-3343.0
cv,3,rolling_mean_4w,2026-03-30,2026-04-20,7545.0,13213.25,-5668.25
cv,3,seasonal_naive_52w,2026-03-30,2026-04-20,7545.0,7100.0,445.0
cv,3,ets,2026-03-30,2026-04-20,7545.0,12199.689152558723,-4654.689152558723
cv,3,ridge_log_history,2026-03-30,2026-04-20,7545.0,8147.947115690127,-602.9471156901272
cv,3,xgb_target_history,2026-03-30,2026-04-20,7545.0,13940.876953125,-6395.876953125
cv,3,xgb_gdelt_features,2026-03-30,2026-04-20,7545.0,14850.0810546875,-7305.0810546875
cv,3,xgb_gdelt_world_bank,2026-03-30,2026-04-20,7545.0,13136.232421875,-5591.232421875
cv,3,last_value,2026-04-06,2026-04-27,6605.0,11612.0,-5007.0
cv,3,rolling_mean_4w,2026-04-06,2026-04-27,6605.0,12517.75,-5912.75
cv,3,seasonal_naive_52w,2026-04-06,2026-04-27,6605.0,8617.0,-2012.0
cv,3,ets,2026-04-06,2026-04-27,6605.0,12023.382406791106,-5418.382406791106
cv,3,ridge_log_history,2026-04-06,2026-04-27,6605.0,9058.72477344115,-2453.7247734411503
cv,3,xgb_target_history,2026-04-06,2026-04-27,6605.0,13976.1533203125,-7371.1533203125
cv,3,xgb_gdelt_features,2026-04-06,2026-04-27,6605.0,14349.7998046875,-7744.7998046875
cv,3,xgb_gdelt_world_bank,2026-04-06,2026-04-27,6605.0,12696.59375,-6091.59375
cv,3,last_value,2026-04-13,2026-05-04,6455.0,7499.0,-1044.0
cv,3,rolling_mean_4w,2026-04-13,2026-05-04,6455.0,10771.75,-4316.75
cv,3,seasonal_naive_52w,2026-04-13,2026-05-04,6455.0,9024.0,-2569.0
cv,3,ets,2026-04-13,2026-05-04,6455.0,10666.067684753772,-4211.0676847537725
cv,3,ridge_log_history,2026-04-13,2026-05-04,6455.0,7148.546036682633,-693.5460366826328
cv,3,xgb_target_history,2026-04-13,2026-05-04,6455.0,11706.1025390625,-5251.1025390625
cv,3,xgb_gdelt_features,2026-04-13,2026-05-04,6455.0,12154.0,-5699.0
cv,3,xgb_gdelt_world_bank,2026-04-13,2026-05-04,6455.0,12071.107421875,-5616.107421875
cv,3,last_value,2026-04-20,2026-05-11,7725.0,7545.0,180.0
cv,3,rolling_mean_4w,2026-04-20,2026-05-11,7725.0,9386.0,-1661.0
cv,3,seasonal_naive_52w,2026-04-20,2026-05-11,7725.0,9369.0,-1644.0
cv,3,ets,2026-04-20,2026-05-11,7725.0,9729.74737932764,-2004.7473793276404
cv,3,ridge_log_history,2026-04-20,2026-05-11,7725.0,7132.743922993757,592.2560770062428
cv,3,xgb_target_history,2026-04-20,2026-05-11,7725.0,11407.330078125,-3682.330078125
cv,3,xgb_gdelt_features,2026-04-20,2026-05-11,7725.0,11718.35546875,-3993.35546875
cv,3,xgb_gdelt_world_bank,2026-04-20,2026-05-11,7725.0,11915.8974609375,-4190.8974609375
cv,3,last_value,2026-04-27,2026-05-18,6336.0,6605.0,-269.0
cv,3,rolling_mean_4w,2026-04-27,2026-05-18,6336.0,8315.25,-1979.25
cv,3,seasonal_naive_52w,2026-04-27,2026-05-18,6336.0,12823.0,-6487.0
cv,3,ets,2026-04-27,2026-05-18,6336.0,8792.323165529348,-2456.3231655293475
cv,3,ridge_log_history,2026-04-27,2026-05-18,6336.0,6275.223988031872,60.77601196812793
cv,3,xgb_target_history,2026-04-27,2026-05-18,6336.0,8655.3779296875,-2319.3779296875
cv,3,xgb_gdelt_features,2026-04-27,2026-05-18,6336.0,8134.69775390625,-1798.69775390625
cv,3,xgb_gdelt_world_bank,2026-04-27,2026-05-18,6336.0,8012.63720703125,-1676.63720703125
cv,3,last_value,2026-05-04,2026-05-25,7625.0,6455.0,1170.0
cv,3,rolling_mean_4w,2026-05-04,2026-05-25,7625.0,7026.0,599.0
cv,3,seasonal_naive_52w,2026-05-04,2026-05-25,7625.0,10072.0,-2447.0
cv,3,ets,2026-05-04,2026-05-25,7625.0,8091.126215870543,-466.1262158705431
cv,3,ridge_log_history,2026-05-04,2026-05-25,7625.0,6374.958927360387,1250.041072639613
cv,3,xgb_target_history,2026-05-04,2026-05-25,7625.0,7114.90673828125,510.09326171875
cv,3,xgb_gdelt_features,2026-05-04,2026-05-25,7625.0,7348.58935546875,276.41064453125
cv,3,xgb_gdelt_world_bank,2026-05-04,2026-05-25,7625.0,7577.80322265625,47.19677734375
cv,3,last_value,2026-05-11,2026-06-01,9604.0,7725.0,1879.0
cv,3,rolling_mean_4w,2026-05-11,2026-06-01,9604.0,7082.5,2521.5
cv,3,seasonal_naive_52w,2026-05-11,2026-06-01,9604.0,9489.0,115.0
cv,3,ets,2026-05-11,2026-06-01,9604.0,7981.28835110938,1622.7116488906204
cv,3,ridge_log_history,2026-05-11,2026-06-01,9604.0,6800.407699022134,2803.592300977866
cv,3,xgb_target_history,2026-05-11,2026-06-01,9604.0,7119.04052734375,2484.95947265625
cv,3,xgb_gdelt_features,2026-05-11,2026-06-01,9604.0,7938.92529296875,1665.07470703125
cv,3,xgb_gdelt_world_bank,2026-05-11,2026-06-01,9604.0,8137.52978515625,1466.47021484375
holdout,3,last_value,2026-05-18,2026-06-08,9429.0,6336.0,3093.0
holdout,3,rolling_mean_4w,2026-05-18,2026-06-08,9429.0,6780.25,2648.75
holdout,3,seasonal_naive_52w,2026-05-18,2026-06-08,9429.0,13383.0,-3954.0
holdout,3,ets,2026-05-18,2026-06-08,9429.0,7487.701845776565,1941.2981542234347
holdout,3,ridge_log_history,2026-05-18,2026-06-08,9429.0,6195.261060978737,3233.738939021263
holdout,3,xgb_target_history,2026-05-18,2026-06-08,9429.0,7363.63037109375,2065.36962890625
holdout,3,xgb_gdelt_features,2026-05-18,2026-06-08,9429.0,8003.328125,1425.671875
holdout,3,xgb_gdelt_world_bank,2026-05-18,2026-06-08,9429.0,8106.0673828125,1322.9326171875
holdout,3,last_value,2026-05-25,2026-06-15,7119.0,7625.0,-506.0
holdout,3,rolling_mean_4w,2026-05-25,2026-06-15,7119.0,7035.25,83.75
holdout,3,seasonal_naive_52w,2026-05-25,2026-06-15,7119.0,117.0,7002.0
holdout,3,ets,2026-05-25,2026-06-15,7119.0,7528.891292043595,-409.89129204359506
holdout,3,ridge_log_history,2026-05-25,2026-06-15,7119.0,7078.491303034625,40.50869696537484
holdout,3,xgb_target_history,2026-05-25,2026-06-15,7119.0,7256.626953125,-137.626953125
holdout,3,xgb_gdelt_features,2026-05-25,2026-06-15,7119.0,7993.14501953125,-874.14501953125
holdout,3,xgb_gdelt_world_bank,2026-05-25,2026-06-15,7119.0,7945.7724609375,-826.7724609375
holdout,3,last_value,2026-06-01,2026-06-22,5451.0,9604.0,-4153.0
holdout,3,rolling_mean_4w,2026-06-01,2026-06-22,5451.0,7822.5,-2371.5
holdout,3,seasonal_naive_52w,2026-06-01,2026-06-22,5451.0,111.0,5340.0
holdout,3,ets,2026-06-01,2026-06-22,5451.0,8151.423904430516,-2700.423904430516
holdout,3,ridge_log_history,2026-06-01,2026-06-22,5451.0,7643.902510189529,-2192.9025101895286
holdout,3,xgb_target_history,2026-06-01,2026-06-22,5451.0,8460.4248046875,-3009.4248046875
holdout,3,xgb_gdelt_features,2026-06-01,2026-06-22,5451.0,8383.625,-2932.625
holdout,3,xgb_gdelt_world_bank,2026-06-01,2026-06-22,5451.0,8479.8115234375,-3028.8115234375
holdout,3,last_value,2026-06-08,2026-06-29,5032.0,9429.0,-4397.0
holdout,3,rolling_mean_4w,2026-06-08,2026-06-29,5032.0,8248.5,-3216.5
holdout,3,seasonal_naive_52w,2026-06-08,2026-06-29,5032.0,6949.0,-1917.0
holdout,3,ets,2026-06-08,2026-06-29,5032.0,8534.69673310136,-3502.69673310136
holdout,3,ridge_log_history,2026-06-08,2026-06-29,5032.0,7913.510071896377,-2881.5100718963768
holdout,3,xgb_target_history,2026-06-08,2026-06-29,5032.0,8236.287109375,-3204.287109375
holdout,3,xgb_gdelt_features,2026-06-08,2026-06-29,5032.0,8206.806640625,-3174.806640625
holdout,3,xgb_gdelt_world_bank,2026-06-08,2026-06-29,5032.0,8343.513671875,-3311.513671875
holdout,3,last_value,2026-06-15,2026-07-06,5155.0,7119.0,-1964.0
holdout,3,rolling_mean_4w,2026-06-15,2026-07-06,5155.0,8444.25,-3289.25
holdout,3,seasonal_naive_52w,2026-06-15,2026-07-06,5155.0,10339.0,-5184.0
holdout,3,ets,2026-06-15,2026-07-06,5155.0,8109.987713170952,-2954.987713170952
holdout,3,ridge_log_history,2026-06-15,2026-07-06,5155.0,7194.679866127412,-2039.6798661274124
holdout,3,xgb_target_history,2026-06-15,2026-07-06,5155.0,8241.1982421875,-3086.1982421875
holdout,3,xgb_gdelt_features,2026-06-15,2026-07-06,5155.0,8256.861328125,-3101.861328125
holdout,3,xgb_gdelt_world_bank,2026-06-15,2026-07-06,5155.0,8258.2939453125,-3103.2939453125
holdout,3,last_value,2026-06-22,2026-07-13,4723.0,5451.0,-728.0
holdout,3,rolling_mean_4w,2026-06-22,2026-07-13,4723.0,7900.75,-3177.75
holdout,3,seasonal_naive_52w,2026-06-22,2026-07-13,4723.0,11457.0,-6734.0
holdout,3,ets,2026-06-22,2026-07-13,4723.0,7312.291399219666,-2589.2913992196663
holdout,3,ridge_log_history,2026-06-22,2026-07-13,4723.0,6128.004374276405,-1405.0043742764046
holdout,3,xgb_target_history,2026-06-22,2026-07-13,4723.0,8223.95703125,-3500.95703125
holdout,3,xgb_gdelt_features,2026-06-22,2026-07-13,4723.0,7482.1875,-2759.1875
holdout,3,xgb_gdelt_world_bank,2026-06-22,2026-07-13,4723.0,7856.65478515625,-3133.65478515625
holdout,3,last_value,2026-06-29,2026-07-20,6697.0,5032.0,1665.0
holdout,3,rolling_mean_4w,2026-06-29,2026-07-20,6697.0,6757.75,-60.75
holdout,3,seasonal_naive_52w,2026-06-29,2026-07-20,6697.0,8798.0,-2101.0
holdout,3,ets,2026-06-29,2026-07-20,6697.0,6628.203979453767,68.7960205462332
holdout,3,ridge_log_history,2026-06-29,2026-07-20,6697.0,5746.806297654007,950.1937023459932
holdout,3,xgb_target_history,2026-06-29,2026-07-20,6697.0,7334.439453125,-637.439453125
holdout,3,xgb_gdelt_features,2026-06-29,2026-07-20,6697.0,6947.67822265625,-250.67822265625
holdout,3,xgb_gdelt_world_bank,2026-06-29,2026-07-20,6697.0,7087.35791015625,-390.35791015625
holdout,3,last_value,2026-07-06,2026-07-27,5826.0,5155.0,671.0
holdout,3,rolling_mean_4w,2026-07-06,2026-07-27,5826.0,5689.25,136.75
holdout,3,seasonal_naive_52w,2026-07-06,2026-07-27,5826.0,8739.0,-2913.0
holdout,3,ets,2026-07-06,2026-07-27,5826.0,6186.242785617636,-360.2427856176364
holdout,3,ridge_log_history,2026-07-06,2026-07-27,5826.0,5748.089418334972,77.91058166502808
holdout,3,xgb_target_history,2026-07-06,2026-07-27,5826.0,7136.25146484375,-1310.25146484375
holdout,3,xgb_gdelt_features,2026-07-06,2026-07-27,5826.0,7134.005859375,-1308.005859375
holdout,3,xgb_gdelt_world_bank,2026-07-06,2026-07-27,5826.0,7209.60302734375,-1383.60302734375
holdout,3,last_value,2026-07-13,2026-08-03,5262.0,4723.0,539.0
holdout,3,rolling_mean_4w,2026-07-13,2026-08-03,5262.0,5090.25,171.75
holdout,3,seasonal_naive_52w,2026-07-13,2026-08-03,5262.0,8241.0,-2979.0
holdout,3,ets,2026-07-13,2026-08-03,5262.0,5747.269949932344,-485.2699499323444
holdout,3,ridge_log_history,2026-07-13,2026-08-03,5262.0,5668.6826054726935,-406.68260547269347
holdout,3,xgb_target_history,2026-07-13,2026-08-03,5262.0,6925.51708984375,-1663.51708984375
holdout,3,xgb_gdelt_features,2026-07-13,2026-08-03,5262.0,7196.29052734375,-1934.29052734375
holdout,3,xgb_gdelt_world_bank,2026-07-13,2026-08-03,5262.0,7105.1904296875,-1843.1904296875
holdout,3,last_value,2026-07-20,2026-08-10,5175.0,6697.0,-1522.0
holdout,3,rolling_mean_4w,2026-07-20,2026-08-10,5175.0,5401.75,-226.75
holdout,3,seasonal_naive_52w,2026-07-20,2026-08-10,5175.0,8676.0,-3501.0
holdout,3,ets,2026-07-20,2026-08-10,5175.0,6032.18896495264,-857.1889649526402
holdout,3,ridge_log_history,2026-07-20,2026-08-10,5175.0,6197.738035669098,-1022.7380356690983
holdout,3,xgb_target_history,2026-07-20,2026-08-10,5175.0,6776.775390625,-1601.775390625
holdout,3,xgb_gdelt_features,2026-07-20,2026-08-10,5175.0,6905.5927734375,-1730.5927734375
holdout,3,xgb_gdelt_world_bank,2026-07-20,2026-08-10,5175.0,6948.91748046875,-1773.91748046875
holdout,3,last_value,2026-07-27,2026-08-17,7098.0,5826.0,1272.0
holdout,3,rolling_mean_4w,2026-07-27,2026-08-17,7098.0,5600.25,1497.75
holdout,3,seasonal_naive_52w,2026-07-27,2026-08-17,7098.0,7926.0,-828.0
holdout,3,ets,2026-07-27,2026-08-17,7098.0,5970.332275466848,1127.667724533152
holdout,3,ridge_log_history,2026-07-27,2026-08-17,7098.0,5901.632843166415,1196.3671568335849
holdout,3,xgb_target_history,2026-07-27,2026-08-17,7098.0,6541.20849609375,556.79150390625
holdout,3,xgb_gdelt_features,2026-07-27,2026-08-17,7098.0,7335.8037109375,-237.8037109375
holdout,3,xgb_gdelt_world_bank,2026-07-27,2026-08-17,7098.0,7481.5380859375,-383.5380859375
holdout,3,last_value,2026-08-03,2026-08-24,5641.0,5262.0,379.0
holdout,3,rolling_mean_4w,2026-08-03,2026-08-24,5641.0,5627.0,14.0
holdout,3,seasonal_naive_52w,2026-08-03,2026-08-24,5641.0,11514.0,-5873.0
holdout,3,ets,2026-08-03,2026-08-24,5641.0,5757.832592826793,-116.83259282679319
holdout,3,ridge_log_history,2026-08-03,2026-08-24,5641.0,5553.531699392744,87.46830060725642
holdout,3,xgb_target_history,2026-08-03,2026-08-24,5641.0,6976.986328125,-1335.986328125
holdout,3,xgb_gdelt_features,2026-08-03,2026-08-24,5641.0,7035.43017578125,-1394.43017578125
holdout,3,xgb_gdelt_world_bank,2026-08-03,2026-08-24,5641.0,7216.90869140625,-1575.90869140625
cv,4,last_value,2025-09-22,2025-10-20,7634.0,9498.0,-1864.0
cv,4,rolling_mean_4w,2025-09-22,2025-10-20,7634.0,10339.0,-2705.0
cv,4,seasonal_naive_52w,2025-09-22,2025-10-20,7634.0,18993.0,-11359.0
cv,4,ets,2025-09-22,2025-10-20,7634.0,10144.112565681558,-2510.1125656815584
cv,4,ridge_log_history,2025-09-22,2025-10-20,7634.0,8232.891217155759,-598.8912171557586
cv,4,xgb_target_history,2025-09-22,2025-10-20,7634.0,12505.927734375,-4871.927734375
cv,4,xgb_gdelt_features,2025-09-22,2025-10-20,7634.0,15195.4130859375,-7561.4130859375
cv,4,xgb_gdelt_world_bank,2025-09-22,2025-10-20,7634.0,15488.6591796875,-7854.6591796875
cv,4,last_value,2025-09-29,2025-10-27,7976.0,9351.0,-1375.0
cv,4,rolling_mean_4w,2025-09-29,2025-10-27,7976.0,10655.5,-2679.5
cv,4,seasonal_naive_52w,2025-09-29,2025-10-27,7976.0,15416.0,-7440.0
cv,4,ets,2025-09-29,2025-10-27,7976.0,9906.17879597709,-1930.17879597709
cv,4,ridge_log_history,2025-09-29,2025-10-27,7976.0,8319.532992680335,-343.53299268033516
cv,4,xgb_target_history,2025-09-29,2025-10-27,7976.0,13029.1953125,-5053.1953125
cv,4,xgb_gdelt_features,2025-09-29,2025-10-27,7976.0,13387.4921875,-5411.4921875
cv,4,xgb_gdelt_world_bank,2025-09-29,2025-10-27,7976.0,14842.4345703125,-6866.4345703125
cv,4,last_value,2025-10-06,2025-11-03,7670.0,11013.0,-3343.0
cv,4,rolling_mean_4w,2025-10-06,2025-11-03,7670.0,10150.25,-2480.25
cv,4,seasonal_naive_52w,2025-10-06,2025-11-03,7670.0,11659.0,-3989.0
cv,4,ets,2025-10-06,2025-11-03,7670.0,10238.225157183962,-2568.2251571839624
cv,4,ridge_log_history,2025-10-06,2025-11-03,7670.0,9373.226299934535,-1703.2262999345348
cv,4,xgb_target_history,2025-10-06,2025-11-03,7670.0,12011.623046875,-4341.623046875
cv,4,xgb_gdelt_features,2025-10-06,2025-11-03,7670.0,12832.5556640625,-5162.5556640625
cv,4,xgb_gdelt_world_bank,2025-10-06,2025-11-03,7670.0,13238.099609375,-5568.099609375
cv,4,last_value,2025-10-13,2025-11-10,6310.0,10751.0,-4441.0
cv,4,rolling_mean_4w,2025-10-13,2025-11-10,6310.0,10153.25,-3843.25
cv,4,seasonal_naive_52w,2025-10-13,2025-11-10,6310.0,11614.0,-5304.0
cv,4,ets,2025-10-13,2025-11-10,6310.0,10392.057610028773,-4082.0576100287726
cv,4,ridge_log_history,2025-10-13,2025-11-10,6310.0,9236.297796758534,-2926.297796758534
cv,4,xgb_target_history,2025-10-13,2025-11-10,6310.0,11935.220703125,-5625.220703125
cv,4,xgb_gdelt_features,2025-10-13,2025-11-10,6310.0,12988.478515625,-6678.478515625
cv,4,xgb_gdelt_world_bank,2025-10-13,2025-11-10,6310.0,13449.595703125,-7139.595703125
cv,4,last_value,2025-10-20,2025-11-17,7545.0,7634.0,-89.0
cv,4,rolling_mean_4w,2025-10-20,2025-11-17,7545.0,9687.25,-2142.25
cv,4,seasonal_naive_52w,2025-10-20,2025-11-17,7545.0,12066.0,-4521.0
cv,4,ets,2025-10-20,2025-11-17,7545.0,9564.64032702014,-2019.6403270201408
cv,4,ridge_log_history,2025-10-20,2025-11-17,7545.0,7344.5731939312245,200.42680606877548
cv,4,xgb_target_history,2025-10-20,2025-11-17,7545.0,10965.7099609375,-3420.7099609375
cv,4,xgb_gdelt_features,2025-10-20,2025-11-17,7545.0,11111.6474609375,-3566.6474609375
cv,4,xgb_gdelt_world_bank,2025-10-20,2025-11-17,7545.0,11074.9794921875,-3529.9794921875
cv,4,last_value,2025-10-27,2025-11-24,7075.0,7976.0,-901.0
cv,4,rolling_mean_4w,2025-10-27,2025-11-24,7075.0,9343.5,-2268.5
cv,4,seasonal_naive_52w,2025-10-27,2025-11-24,7075.0,10993.0,-3918.0
cv,4,ets,2025-10-27,2025-11-24,7075.0,9088.048228914098,-2013.0482289140982
cv,4,ridge_log_history,2025-10-27,2025-11-24,7075.0,7100.772743838906,-25.772743838905626
cv,4,xgb_target_history,2025-10-27,2025-11-24,7075.0,9952.697265625,-2877.697265625
cv,4,xgb_gdelt_features,2025-10-27,2025-11-24,7075.0,10531.6904296875,-3456.6904296875
cv,4,xgb_gdelt_world_bank,2025-10-27,2025-11-24,7075.0,10902.6328125,-3827.6328125
cv,4,last_value,2025-11-03,2025-12-01,6359.0,7670.0,-1311.0
cv,4,rolling_mean_4w,2025-11-03,2025-12-01,6359.0,8507.75,-2148.75
cv,4,seasonal_naive_52w,2025-11-03,2025-12-01,6359.0,9570.0,-3211.0
cv,4,ets,2025-11-03,2025-12-01,6359.0,8662.633760239867,-2303.633760239867
cv,4,ridge_log_history,2025-11-03,2025-12-01,6359.0,6602.985888171967,-243.98588817196742
cv,4,xgb_target_history,2025-11-03,2025-12-01,6359.0,9677.1767578125,-3318.1767578125
cv,4,xgb_gdelt_features,2025-11-03,2025-12-01,6359.0,9903.7177734375,-3544.7177734375
cv,4,xgb_gdelt_world_bank,2025-11-03,2025-12-01,6359.0,10415.2080078125,-4056.2080078125
cv,4,last_value,2025-11-10,2025-12-08,5628.0,6310.0,-682.0
cv,4,rolling_mean_4w,2025-11-10,2025-12-08,5628.0,7397.5,-1769.5
cv,4,seasonal_naive_52w,2025-11-10,2025-12-08,5628.0,10792.0,-5164.0
cv,4,ets,2025-11-10,2025-12-08,5628.0,7956.843632167906,-2328.8436321679064
cv,4,ridge_log_history,2025-11-10,2025-12-08,5628.0,6050.007519413702,-422.00751941370163
cv,4,xgb_target_history,2025-11-10,2025-12-08,5628.0,8957.54296875,-3329.54296875
cv,4,xgb_gdelt_features,2025-11-10,2025-12-08,5628.0,8920.1953125,-3292.1953125
cv,4,xgb_gdelt_world_bank,2025-11-10,2025-12-08,5628.0,9483.30859375,-3855.30859375
cv,4,last_value,2025-11-17,2025-12-15,5432.0,7545.0,-2113.0
cv,4,rolling_mean_4w,2025-11-17,2025-12-15,5432.0,7375.25,-1943.25
cv,4,seasonal_naive_52w,2025-11-17,2025-12-15,5432.0,9884.0,-4452.0
cv,4,ets,2025-11-17,2025-12-15,5432.0,7833.290542517534,-2401.290542517534
cv,4,ridge_log_history,2025-11-17,2025-12-15,5432.0,6513.597246170365,-1081.597246170365
cv,4,xgb_target_history,2025-11-17,2025-12-15,5432.0,8756.5361328125,-3324.5361328125
cv,4,xgb_gdelt_features,2025-11-17,2025-12-15,5432.0,8665.08984375,-3233.08984375
cv,4,xgb_gdelt_world_bank,2025-11-17,2025-12-15,5432.0,9442.41015625,-4010.41015625
cv,4,last_value,2025-11-24,2025-12-22,5628.0,7075.0,-1447.0
cv,4,rolling_mean_4w,2025-11-24,2025-12-22,5628.0,7150.0,-1522.0
cv,4,seasonal_naive_52w,2025-11-24,2025-12-22,5628.0,10851.0,-5223.0
cv,4,ets,2025-11-24,2025-12-22,5628.0,7605.803379762274,-1977.8033797622738
cv,4,ridge_log_history,2025-11-24,2025-12-22,5628.0,6136.5784636663075,-508.57846366630747
cv,4,xgb_target_history,2025-11-24,2025-12-22,5628.0,9445.9404296875,-3817.9404296875
cv,4,xgb_gdelt_features,2025-11-24,2025-12-22,5628.0,8818.466796875,-3190.466796875
cv,4,xgb_gdelt_world_bank,2025-11-24,2025-12-22,5628.0,9465.5810546875,-3837.5810546875
cv,4,last_value,2025-12-01,2025-12-29,4584.0,6359.0,-1775.0
cv,4,rolling_mean_4w,2025-12-01,2025-12-29,4584.0,6822.25,-2238.25
cv,4,seasonal_naive_52w,2025-12-01,2025-12-29,4584.0,9501.0,-4917.0
cv,4,ets,2025-12-01,2025-12-29,4584.0,7231.7623658335915,-2647.7623658335915
cv,4,ridge_log_history,2025-12-01,2025-12-29,4584.0,6034.453006138599,-1450.4530061385994
cv,4,xgb_target_history,2025-12-01,2025-12-29,4584.0,9293.65234375,-4709.65234375
cv,4,xgb_gdelt_features,2025-12-01,2025-12-29,4584.0,8520.5791015625,-3936.5791015625
cv,4,xgb_gdelt_world_bank,2025-12-01,2025-12-29,4584.0,9372.87890625,-4788.87890625
cv,4,last_value,2025-12-08,2026-01-05,4793.0,5628.0,-835.0
cv,4,rolling_mean_4w,2025-12-08,2026-01-05,4793.0,6651.75,-1858.75
cv,4,seasonal_naive_52w,2025-12-08,2026-01-05,4793.0,8661.0,-3868.0
cv,4,ets,2025-12-08,2026-01-05,4793.0,6750.633656083513,-1957.6336560835134
cv,4,ridge_log_history,2025-12-08,2026-01-05,4793.0,6187.260919997414,-1394.260919997414
cv,4,xgb_target_history,2025-12-08,2026-01-05,4793.0,8067.814453125,-3274.814453125
cv,4,xgb_gdelt_features,2025-12-08,2026-01-05,4793.0,7949.486328125,-3156.486328125
cv,4,xgb_gdelt_world_bank,2025-12-08,2026-01-05,4793.0,7733.47705078125,-2940.47705078125
cv,4,last_value,2025-12-15,2026-01-12,4882.0,5432.0,-550.0
cv,4,rolling_mean_4w,2025-12-15,2026-01-12,4882.0,6123.5,-1241.5
cv,4,seasonal_naive_52w,2025-12-15,2026-01-12,4882.0,10684.0,-5802.0
cv,4,ets,2025-12-15,2026-01-12,4882.0,6355.043559258458,-1473.0435592584581
cv,4,ridge_log_history,2025-12-15,2026-01-12,4882.0,5931.439537591826,-1049.4395375918257
cv,4,xgb_target_history,2025-12-15,2026-01-12,4882.0,7712.1474609375,-2830.1474609375
cv,4,xgb_gdelt_features,2025-12-15,2026-01-12,4882.0,7733.02685546875,-2851.02685546875
cv,4,xgb_gdelt_world_bank,2025-12-15,2026-01-12,4882.0,7790.3857421875,-2908.3857421875
cv,4,last_value,2025-12-22,2026-01-19,4739.0,5628.0,-889.0
cv,4,rolling_mean_4w,2025-12-22,2026-01-19,4739.0,5761.75,-1022.75
cv,4,seasonal_naive_52w,2025-12-22,2026-01-19,4739.0,10242.0,-5503.0
cv,4,ets,2025-12-22,2026-01-19,4739.0,6136.93049148092,-1397.93049148092
cv,4,ridge_log_history,2025-12-22,2026-01-19,4739.0,5959.7322603498715,-1220.7322603498715
cv,4,xgb_target_history,2025-12-22,2026-01-19,4739.0,8173.376953125,-3434.376953125
cv,4,xgb_gdelt_features,2025-12-22,2026-01-19,4739.0,7974.9697265625,-3235.9697265625
cv,4,xgb_gdelt_world_bank,2025-12-22,2026-01-19,4739.0,7939.7353515625,-3200.7353515625
cv,4,last_value,2025-12-29,2026-01-26,5560.0,4584.0,976.0
cv,4,rolling_mean_4w,2025-12-29,2026-01-26,5560.0,5318.0,242.0
cv,4,seasonal_naive_52w,2025-12-29,2026-01-26,5560.0,8754.0,-3194.0
cv,4,ets,2025-12-29,2026-01-26,5560.0,5671.051344036644,-111.05134403664397
cv,4,ridge_log_history,2025-12-29,2026-01-26,5560.0,5653.243812901061,-93.24381290106066
cv,4,xgb_target_history,2025-12-29,2026-01-26,5560.0,7853.71826171875,-2293.71826171875
cv,4,xgb_gdelt_features,2025-12-29,2026-01-26,5560.0,7294.142578125,-1734.142578125
cv,4,xgb_gdelt_world_bank,2025-12-29,2026-01-26,5560.0,7443.7685546875,-1883.7685546875
cv,4,last_value,2026-01-05,2026-02-02,4773.0,4793.0,-20.0
cv,4,rolling_mean_4w,2026-01-05,2026-02-02,4773.0,5109.25,-336.25
cv,4,seasonal_naive_52w,2026-01-05,2026-02-02,4773.0,7863.0,-3090.0
cv,4,ets,2026-01-05,2026-02-02,4773.0,5407.63594082565,-634.6359408256503
cv,4,ridge_log_history,2026-01-05,2026-02-02,4773.0,5562.898024288971,-789.8980242889711
cv,4,xgb_target_history,2026-01-05,2026-02-02,4773.0,7438.49609375,-2665.49609375
cv,4,xgb_gdelt_features,2026-01-05,2026-02-02,4773.0,7117.1259765625,-2344.1259765625
cv,4,xgb_gdelt_world_bank,2026-01-05,2026-02-02,4773.0,7072.9287109375,-2299.9287109375
cv,4,last_value,2026-01-12,2026-02-09,4760.0,4882.0,-122.0
cv,4,rolling_mean_4w,2026-01-12,2026-02-09,4760.0,4971.75,-211.75
cv,4,seasonal_naive_52w,2026-01-12,2026-02-09,4760.0,7429.0,-2669.0
cv,4,ets,2026-01-12,2026-02-09,4760.0,5249.945158577955,-489.9451585779552
cv,4,ridge_log_history,2026-01-12,2026-02-09,4760.0,5345.05360691935,-585.0536069193504
cv,4,xgb_target_history,2026-01-12,2026-02-09,4760.0,8077.2294921875,-3317.2294921875
cv,4,xgb_gdelt_features,2026-01-12,2026-02-09,4760.0,6980.12744140625,-2220.12744140625
cv,4,xgb_gdelt_world_bank,2026-01-12,2026-02-09,4760.0,6954.6787109375,-2194.6787109375
cv,4,last_value,2026-01-19,2026-02-16,5252.0,4739.0,513.0
cv,4,rolling_mean_4w,2026-01-19,2026-02-16,5252.0,4749.5,502.5
cv,4,seasonal_naive_52w,2026-01-19,2026-02-16,5252.0,8593.0,-3341.0
cv,4,ets,2026-01-19,2026-02-16,5252.0,5096.661611004569,155.33838899543116
cv,4,ridge_log_history,2026-01-19,2026-02-16,5252.0,5310.727631210678,-58.72763121067783
cv,4,xgb_target_history,2026-01-19,2026-02-16,5252.0,7179.0986328125,-1927.0986328125
cv,4,xgb_gdelt_features,2026-01-19,2026-02-16,5252.0,6721.3515625,-1469.3515625
cv,4,xgb_gdelt_world_bank,2026-01-19,2026-02-16,5252.0,6492.7373046875,-1240.7373046875
cv,4,last_value,2026-01-26,2026-02-23,10800.0,5560.0,5240.0
cv,4,rolling_mean_4w,2026-01-26,2026-02-23,10800.0,4993.5,5806.5
cv,4,seasonal_naive_52w,2026-01-26,2026-02-23,10800.0,7443.0,3357.0
cv,4,ets,2026-01-26,2026-02-23,10800.0,5235.6631277031975,5564.3368722968025
cv,4,ridge_log_history,2026-01-26,2026-02-23,10800.0,5473.130086228157,5326.869913771843
cv,4,xgb_target_history,2026-01-26,2026-02-23,10800.0,8229.912109375,2570.087890625
cv,4,xgb_gdelt_features,2026-01-26,2026-02-23,10800.0,8136.9013671875,2663.0986328125
cv,4,xgb_gdelt_world_bank,2026-01-26,2026-02-23,10800.0,7128.42919921875,3671.57080078125
cv,4,last_value,2026-02-02,2026-03-02,19899.0,4773.0,15126.0
cv,4,rolling_mean_4w,2026-02-02,2026-03-02,19899.0,4988.5,14910.5
cv,4,seasonal_naive_52w,2026-02-02,2026-03-02,19899.0,6828.0,13071.0
cv,4,ets,2026-02-02,2026-03-02,19899.0,5096.864189392238,14802.135810607762
cv,4,ridge_log_history,2026-02-02,2026-03-02,19899.0,5116.799082042833,14782.200917957167
cv,4,xgb_target_history,2026-02-02,2026-03-02,19899.0,8004.70166015625,11894.29833984375
cv,4,xgb_gdelt_features,2026-02-02,2026-03-02,19899.0,7967.611328125,11931.388671875
cv,4,xgb_gdelt_world_bank,2026-02-02,2026-03-02,19899.0,6930.888671875,12968.111328125
cv,4,last_value,2026-02-09,2026-03-09,14394.0,4760.0,9634.0
cv,4,rolling_mean_4w,2026-02-09,2026-03-09,14394.0,4958.0,9436.0
cv,4,seasonal_naive_52w,2026-02-09,2026-03-09,14394.0,6897.0,7497.0
cv,4,ets,2026-02-09,2026-03-09,14394.0,4995.804932574566,9398.195067425433
cv,4,ridge_log_history,2026-02-09,2026-03-09,14394.0,5172.435937661037,9221.564062338963
cv,4,xgb_target_history,2026-02-09,2026-03-09,14394.0,7712.9345703125,6681.0654296875
cv,4,xgb_gdelt_features,2026-02-09,2026-03-09,14394.0,8056.404296875,6337.595703125
cv,4,xgb_gdelt_world_bank,2026-02-09,2026-03-09,14394.0,6469.28759765625,7924.71240234375
cv,4,last_value,2026-02-16,2026-03-16,14483.0,5252.0,9231.0
cv,4,rolling_mean_4w,2026-02-16,2026-03-16,14483.0,5086.25,9396.75
cv,4,seasonal_naive_52w,2026-02-16,2026-03-16,14483.0,12568.0,1915.0
cv,4,ets,2026-02-16,2026-03-16,14483.0,5072.663452802196,9410.336547197803
cv,4,ridge_log_history,2026-02-16,2026-03-16,14483.0,5343.383761568967,9139.616238431034
cv,4,xgb_target_history,2026-02-16,2026-03-16,14483.0,8240.458984375,6242.541015625
cv,4,xgb_gdelt_features,2026-02-16,2026-03-16,14483.0,8815.650390625,5667.349609375
cv,4,xgb_gdelt_world_bank,2026-02-16,2026-03-16,14483.0,6550.17919921875,7932.82080078125
cv,4,last_value,2026-02-23,2026-03-23,13088.0,10800.0,2288.0
cv,4,rolling_mean_4w,2026-02-23,2026-03-23,13088.0,6396.25,6691.75
cv,4,seasonal_naive_52w,2026-02-23,2026-03-23,13088.0,10650.0,2438.0
cv,4,ets,2026-02-23,2026-03-23,13088.0,6790.864416961536,6297.135583038464
cv,4,ridge_log_history,2026-02-23,2026-03-23,13088.0,6598.054768957943,6489.945231042057
cv,4,xgb_target_history,2026-02-23,2026-03-23,13088.0,6955.83251953125,6132.16748046875
cv,4,xgb_gdelt_features,2026-02-23,2026-03-23,13088.0,7006.81884765625,6081.18115234375
cv,4,xgb_gdelt_world_bank,2026-02-23,2026-03-23,13088.0,7731.05078125,5356.94921875
cv,4,last_value,2026-03-02,2026-03-30,10888.0,19899.0,-9011.0
cv,4,rolling_mean_4w,2026-03-02,2026-03-30,10888.0,10177.75,710.25
cv,4,seasonal_naive_52w,2026-03-02,2026-03-30,10888.0,9351.0,1537.0
cv,4,ets,2026-03-02,2026-03-30,10888.0,10723.305091873075,164.69490812692493
cv,4,ridge_log_history,2026-03-02,2026-03-30,10888.0,9506.840046851647,1381.1599531483535
cv,4,xgb_target_history,2026-03-02,2026-03-30,10888.0,19955.88671875,-9067.88671875
cv,4,xgb_gdelt_features,2026-03-02,2026-03-30,10888.0,20322.212890625,-9434.212890625
cv,4,xgb_gdelt_world_bank,2026-03-02,2026-03-30,10888.0,19733.12109375,-8845.12109375
cv,4,last_value,2026-03-09,2026-04-06,11612.0,14394.0,-2782.0
cv,4,rolling_mean_4w,2026-03-09,2026-04-06,11612.0,12586.25,-974.25
cv,4,seasonal_naive_52w,2026-03-09,2026-04-06,11612.0,8487.0,3125.0
cv,4,ets,2026-03-09,2026-04-06,11612.0,11824.513564311152,-212.51356431115164
cv,4,ridge_log_history,2026-03-09,2026-04-06,11612.0,8083.127927292884,3528.872072707116
cv,4,xgb_target_history,2026-03-09,2026-04-06,11612.0,21194.18359375,-9582.18359375
cv,4,xgb_gdelt_features,2026-03-09,2026-04-06,11612.0,20906.091796875,-9294.091796875
cv,4,xgb_gdelt_world_bank,2026-03-09,2026-04-06,11612.0,19678.99609375,-8066.99609375
cv,4,last_value,2026-03-16,2026-04-13,7499.0,14483.0,-6984.0
cv,4,rolling_mean_4w,2026-03-16,2026-04-13,7499.0,14894.0,-7395.0
cv,4,seasonal_naive_52w,2026-03-16,2026-04-13,7499.0,8131.0,-632.0
cv,4,ets,2026-03-16,2026-04-13,7499.0,12622.059495017806,-5123.059495017806
cv,4,ridge_log_history,2026-03-16,2026-04-13,7499.0,9344.145012774397,-1845.1450127743974
cv,4,xgb_target_history,2026-03-16,2026-04-13,7499.0,18273.716796875,-10774.716796875
cv,4,xgb_gdelt_features,2026-03-16,2026-04-13,7499.0,17815.474609375,-10316.474609375
cv,4,xgb_gdelt_world_bank,2026-03-16,2026-04-13,7499.0,16857.509765625,-9358.509765625
cv,4,last_value,2026-03-23,2026-04-20,7545.0,13088.0,-5543.0
cv,4,rolling_mean_4w,2026-03-23,2026-04-20,7545.0,15466.0,-7921.0
cv,4,seasonal_naive_52w,2026-03-23,2026-04-20,7545.0,7100.0,445.0
cv,4,ets,2026-03-23,2026-04-20,7545.0,12761.841646512463,-5216.841646512463
cv,4,ridge_log_history,2026-03-23,2026-04-20,7545.0,8851.697418864635,-1306.6974188646345
cv,4,xgb_target_history,2026-03-23,2026-04-20,7545.0,18077.658203125,-10532.658203125
cv,4,xgb_gdelt_features,2026-03-23,2026-04-20,7545.0,16799.703125,-9254.703125
cv,4,xgb_gdelt_world_bank,2026-03-23,2026-04-20,7545.0,16594.40234375,-9049.40234375
cv,4,last_value,2026-03-30,2026-04-27,6605.0,10888.0,-4283.0
cv,4,rolling_mean_4w,2026-03-30,2026-04-27,6605.0,13213.25,-6608.25
cv,4,seasonal_naive_52w,2026-03-30,2026-04-27,6605.0,8617.0,-2012.0
cv,4,ets,2026-03-30,2026-04-27,6605.0,12199.689152558723,-5594.689152558723
cv,4,ridge_log_history,2026-03-30,2026-04-27,6605.0,8423.741975243081,-1818.7419752430815
cv,4,xgb_target_history,2026-03-30,2026-04-27,6605.0,14752.794921875,-8147.794921875
cv,4,xgb_gdelt_features,2026-03-30,2026-04-27,6605.0,13977.3935546875,-7372.3935546875
cv,4,xgb_gdelt_world_bank,2026-03-30,2026-04-27,6605.0,13733.25390625,-7128.25390625
cv,4,last_value,2026-04-06,2026-05-04,6455.0,11612.0,-5157.0
cv,4,rolling_mean_4w,2026-04-06,2026-05-04,6455.0,12517.75,-6062.75
cv,4,seasonal_naive_52w,2026-04-06,2026-05-04,6455.0,9024.0,-2569.0
cv,4,ets,2026-04-06,2026-05-04,6455.0,12023.382406791106,-5568.382406791106
cv,4,ridge_log_history,2026-04-06,2026-05-04,6455.0,8999.099025850164,-2544.0990258501643
cv,4,xgb_target_history,2026-04-06,2026-05-04,6455.0,14716.7939453125,-8261.7939453125
cv,4,xgb_gdelt_features,2026-04-06,2026-05-04,6455.0,13232.4697265625,-6777.4697265625
cv,4,xgb_gdelt_world_bank,2026-04-06,2026-05-04,6455.0,12339.1005859375,-5884.1005859375
cv,4,last_value,2026-04-13,2026-05-11,7725.0,7499.0,226.0
cv,4,rolling_mean_4w,2026-04-13,2026-05-11,7725.0,10771.75,-3046.75
cv,4,seasonal_naive_52w,2026-04-13,2026-05-11,7725.0,9369.0,-1644.0
cv,4,ets,2026-04-13,2026-05-11,7725.0,10666.067684753772,-2941.0676847537725
cv,4,ridge_log_history,2026-04-13,2026-05-11,7725.0,6924.635330151926,800.3646698480743
cv,4,xgb_target_history,2026-04-13,2026-05-11,7725.0,13091.1845703125,-5366.1845703125
cv,4,xgb_gdelt_features,2026-04-13,2026-05-11,7725.0,12084.5380859375,-4359.5380859375
cv,4,xgb_gdelt_world_bank,2026-04-13,2026-05-11,7725.0,11213.064453125,-3488.064453125
cv,4,last_value,2026-04-20,2026-05-18,6336.0,7545.0,-1209.0
cv,4,rolling_mean_4w,2026-04-20,2026-05-18,6336.0,9386.0,-3050.0
cv,4,seasonal_naive_52w,2026-04-20,2026-05-18,6336.0,12823.0,-6487.0
cv,4,ets,2026-04-20,2026-05-18,6336.0,9729.74737932764,-3393.7473793276404
cv,4,ridge_log_history,2026-04-20,2026-05-18,6336.0,6857.503945157079,-521.5039451570792
cv,4,xgb_target_history,2026-04-20,2026-05-18,6336.0,11401.8486328125,-5065.8486328125
cv,4,xgb_gdelt_features,2026-04-20,2026-05-18,6336.0,10355.3173828125,-4019.3173828125
cv,4,xgb_gdelt_world_bank,2026-04-20,2026-05-18,6336.0,10424.9365234375,-4088.9365234375
cv,4,last_value,2026-04-27,2026-05-25,7625.0,6605.0,1020.0
cv,4,rolling_mean_4w,2026-04-27,2026-05-25,7625.0,8315.25,-690.25
cv,4,seasonal_naive_52w,2026-04-27,2026-05-25,7625.0,10072.0,-2447.0
cv,4,ets,2026-04-27,2026-05-25,7625.0,8792.323165529348,-1167.3231655293475
cv,4,ridge_log_history,2026-04-27,2026-05-25,7625.0,5998.550906341021,1626.449093658979
cv,4,xgb_target_history,2026-04-27,2026-05-25,7625.0,8499.0244140625,-874.0244140625
cv,4,xgb_gdelt_features,2026-04-27,2026-05-25,7625.0,7639.33447265625,-14.33447265625
cv,4,xgb_gdelt_world_bank,2026-04-27,2026-05-25,7625.0,7761.90869140625,-136.90869140625
cv,4,last_value,2026-05-04,2026-06-01,9604.0,6455.0,3149.0
cv,4,rolling_mean_4w,2026-05-04,2026-06-01,9604.0,7026.0,2578.0
cv,4,seasonal_naive_52w,2026-05-04,2026-06-01,9604.0,9489.0,115.0
cv,4,ets,2026-05-04,2026-06-01,9604.0,8091.126215870543,1512.873784129457
cv,4,ridge_log_history,2026-05-04,2026-06-01,9604.0,6271.868875391266,3332.1311246087344
cv,4,xgb_target_history,2026-05-04,2026-06-01,9604.0,7774.8515625,1829.1484375
cv,4,xgb_gdelt_features,2026-05-04,2026-06-01,9604.0,7620.08154296875,1983.91845703125
cv,4,xgb_gdelt_world_bank,2026-05-04,2026-06-01,9604.0,7239.8984375,2364.1015625
holdout,4,last_value,2026-05-11,2026-06-08,9429.0,7725.0,1704.0
holdout,4,rolling_mean_4w,2026-05-11,2026-06-08,9429.0,7082.5,2346.5
holdout,4,seasonal_naive_52w,2026-05-11,2026-06-08,9429.0,13383.0,-3954.0
holdout,4,ets,2026-05-11,2026-06-08,9429.0,7981.28835110938,1447.7116488906204
holdout,4,ridge_log_history,2026-05-11,2026-06-08,9429.0,6727.67661402233,2701.32338597767
holdout,4,xgb_target_history,2026-05-11,2026-06-08,9429.0,8056.873046875,1372.126953125
holdout,4,xgb_gdelt_features,2026-05-11,2026-06-08,9429.0,7514.1943359375,1914.8056640625
holdout,4,xgb_gdelt_world_bank,2026-05-11,2026-06-08,9429.0,7368.64599609375,2060.35400390625
holdout,4,last_value,2026-05-18,2026-06-15,7119.0,6336.0,783.0
holdout,4,rolling_mean_4w,2026-05-18,2026-06-15,7119.0,6780.25,338.75
holdout,4,seasonal_naive_52w,2026-05-18,2026-06-15,7119.0,117.0,7002.0
holdout,4,ets,2026-05-18,2026-06-15,7119.0,7487.701845776565,-368.7018457765653
holdout,4,ridge_log_history,2026-05-18,2026-06-15,7119.0,6250.532387770102,868.4676122298979
holdout,4,xgb_target_history,2026-05-18,2026-06-15,7119.0,7912.1005859375,-793.1005859375
holdout,4,xgb_gdelt_features,2026-05-18,2026-06-15,7119.0,7685.26123046875,-566.26123046875
holdout,4,xgb_gdelt_world_bank,2026-05-18,2026-06-15,7119.0,7618.66455078125,-499.66455078125
holdout,4,last_value,2026-05-25,2026-06-22,5451.0,7625.0,-2174.0
holdout,4,rolling_mean_4w,2026-05-25,2026-06-22,5451.0,7035.25,-1584.25
holdout,4,seasonal_naive_52w,2026-05-25,2026-06-22,5451.0,111.0,5340.0
holdout,4,ets,2026-05-25,2026-06-22,5451.0,7528.891292043595,-2077.891292043595
holdout,4,ridge_log_history,2026-05-25,2026-06-22,5451.0,7348.319646103268,-1897.3196461032676
holdout,4,xgb_target_history,2026-05-25,2026-06-22,5451.0,7555.3251953125,-2104.3251953125
holdout,4,xgb_gdelt_features,2026-05-25,2026-06-22,5451.0,7424.78173828125,-1973.78173828125
holdout,4,xgb_gdelt_world_bank,2026-05-25,2026-06-22,5451.0,7571.5546875,-2120.5546875
holdout,4,last_value,2026-06-01,2026-06-29,5032.0,9604.0,-4572.0
holdout,4,rolling_mean_4w,2026-06-01,2026-06-29,5032.0,7822.5,-2790.5
holdout,4,seasonal_naive_52w,2026-06-01,2026-06-29,5032.0,6949.0,-1917.0
holdout,4,ets,2026-06-01,2026-06-29,5032.0,8151.423904430516,-3119.423904430516
holdout,4,ridge_log_history,2026-06-01,2026-06-29,5032.0,7896.717741043025,-2864.717741043025
holdout,4,xgb_target_history,2026-06-01,2026-06-29,5032.0,8364.291015625,-3332.291015625
holdout,4,xgb_gdelt_features,2026-06-01,2026-06-29,5032.0,8314.7509765625,-3282.7509765625
holdout,4,xgb_gdelt_world_bank,2026-06-01,2026-06-29,5032.0,8101.337890625,-3069.337890625
holdout,4,last_value,2026-06-08,2026-07-06,5155.0,9429.0,-4274.0
holdout,4,rolling_mean_4w,2026-06-08,2026-07-06,5155.0,8248.5,-3093.5
holdout,4,seasonal_naive_52w,2026-06-08,2026-07-06,5155.0,10339.0,-5184.0
holdout,4,ets,2026-06-08,2026-07-06,5155.0,8534.69673310136,-3379.69673310136
holdout,4,ridge_log_history,2026-06-08,2026-07-06,5155.0,8088.6707292474775,-2933.6707292474775
holdout,4,xgb_target_history,2026-06-08,2026-07-06,5155.0,8408.84765625,-3253.84765625
holdout,4,xgb_gdelt_features,2026-06-08,2026-07-06,5155.0,7722.73876953125,-2567.73876953125
holdout,4,xgb_gdelt_world_bank,2026-06-08,2026-07-06,5155.0,7725.0517578125,-2570.0517578125
holdout,4,last_value,2026-06-15,2026-07-13,4723.0,7119.0,-2396.0
holdout,4,rolling_mean_4w,2026-06-15,2026-07-13,4723.0,8444.25,-3721.25
holdout,4,seasonal_naive_52w,2026-06-15,2026-07-13,4723.0,11457.0,-6734.0
holdout,4,ets,2026-06-15,2026-07-13,4723.0,8109.987713170952,-3386.987713170952
holdout,4,ridge_log_history,2026-06-15,2026-07-13,4723.0,7298.1595267183,-2575.1595267183
holdout,4,xgb_target_history,2026-06-15,2026-07-13,4723.0,8293.8505859375,-3570.8505859375
holdout,4,xgb_gdelt_features,2026-06-15,2026-07-13,4723.0,7742.3544921875,-3019.3544921875
holdout,4,xgb_gdelt_world_bank,2026-06-15,2026-07-13,4723.0,7662.04052734375,-2939.04052734375
holdout,4,last_value,2026-06-22,2026-07-20,6697.0,5451.0,1246.0
holdout,4,rolling_mean_4w,2026-06-22,2026-07-20,6697.0,7900.75,-1203.75
holdout,4,seasonal_naive_52w,2026-06-22,2026-07-20,6697.0,8798.0,-2101.0
holdout,4,ets,2026-06-22,2026-07-20,6697.0,7312.291399219666,-615.2913992196663
holdout,4,ridge_log_history,2026-06-22,2026-07-20,6697.0,6100.026002073252,596.9739979267479
holdout,4,xgb_target_history,2026-06-22,2026-07-20,6697.0,8107.103515625,-1410.103515625
holdout,4,xgb_gdelt_features,2026-06-22,2026-07-20,6697.0,7370.29052734375,-673.29052734375
holdout,4,xgb_gdelt_world_bank,2026-06-22,2026-07-20,6697.0,7444.2373046875,-747.2373046875
holdout,4,last_value,2026-06-29,2026-07-27,5826.0,5032.0,794.0
holdout,4,rolling_mean_4w,2026-06-29,2026-07-27,5826.0,6757.75,-931.75
holdout,4,seasonal_naive_52w,2026-06-29,2026-07-27,5826.0,8739.0,-2913.0
holdout,4,ets,2026-06-29,2026-07-27,5826.0,6628.203979453767,-802.2039794537668
holdout,4,ridge_log_history,2026-06-29,2026-07-27,5826.0,5847.301000879419,-21.301000879419007
holdout,4,xgb_target_history,2026-06-29,2026-07-27,5826.0,7389.744140625,-1563.744140625
holdout,4,xgb_gdelt_features,2026-06-29,2026-07-27,5826.0,7231.6181640625,-1405.6181640625
holdout,4,xgb_gdelt_world_bank,2026-06-29,2026-07-27,5826.0,7327.83935546875,-1501.83935546875
holdout,4,last_value,2026-07-06,2026-08-03,5262.0,5155.0,107.0
holdout,4,rolling_mean_4w,2026-07-06,2026-08-03,5262.0,5689.25,-427.25
holdout,4,seasonal_naive_52w,2026-07-06,2026-08-03,5262.0,8241.0,-2979.0
holdout,4,ets,2026-07-06,2026-08-03,5262.0,6186.242785617636,-924.2427856176364
holdout,4,ridge_log_history,2026-07-06,2026-08-03,5262.0,5887.529751945341,-625.5297519453406
holdout,4,xgb_target_history,2026-07-06,2026-08-03,5262.0,7362.099609375,-2100.099609375
holdout,4,xgb_gdelt_features,2026-07-06,2026-08-03,5262.0,7295.47802734375,-2033.47802734375
holdout,4,xgb_gdelt_world_bank,2026-07-06,2026-08-03,5262.0,7287.6552734375,-2025.6552734375
holdout,4,last_value,2026-07-13,2026-08-10,5175.0,4723.0,452.0
holdout,4,rolling_mean_4w,2026-07-13,2026-08-10,5175.0,5090.25,84.75
holdout,4,seasonal_naive_52w,2026-07-13,2026-08-10,5175.0,8676.0,-3501.0
holdout,4,ets,2026-07-13,2026-08-10,5175.0,5747.269949932344,-572.2699499323444
holdout,4,ridge_log_history,2026-07-13,2026-08-10,5175.0,5879.458065958732,-704.4580659587318
holdout,4,xgb_target_history,2026-07-13,2026-08-10,5175.0,7562.49072265625,-2387.49072265625
holdout,4,xgb_gdelt_features,2026-07-13,2026-08-10,5175.0,7400.125,-2225.125
holdout,4,xgb_gdelt_world_bank,2026-07-13,2026-08-10,5175.0,7147.3125,-1972.3125
holdout,4,last_value,2026-07-20,2026-08-17,7098.0,6697.0,401.0
holdout,4,rolling_mean_4w,2026-07-20,2026-08-17,7098.0,5401.75,1696.25
holdout,4,seasonal_naive_52w,2026-07-20,2026-08-17,7098.0,7926.0,-828.0
holdout,4,ets,2026-07-20,2026-08-17,7098.0,6032.18896495264,1065.8110350473598
holdout,4,ridge_log_history,2026-07-20,2026-08-17,7098.0,6373.543435652323,724.4565643476772
holdout,4,xgb_target_history,2026-07-20,2026-08-17,7098.0,6861.1708984375,236.8291015625
holdout,4,xgb_gdelt_features,2026-07-20,2026-08-17,7098.0,7055.1435546875,42.8564453125
holdout,4,xgb_gdelt_world_bank,2026-07-20,2026-08-17,7098.0,7055.58740234375,42.41259765625
holdout,4,last_value,2026-07-27,2026-08-24,5641.0,5826.0,-185.0
holdout,4,rolling_mean_4w,2026-07-27,2026-08-24,5641.0,5600.25,40.75
holdout,4,seasonal_naive_52w,2026-07-27,2026-08-24,5641.0,11514.0,-5873.0
holdout,4,ets,2026-07-27,2026-08-24,5641.0,5970.332275466848,-329.33227546684793
holdout,4,ridge_log_history,2026-07-27,2026-08-24,5641.0,6087.418101759008,-446.4181017590081
holdout,4,xgb_target_history,2026-07-27,2026-08-24,5641.0,7558.53955078125,-1917.53955078125
holdout,4,xgb_gdelt_features,2026-07-27,2026-08-24,5641.0,7352.1923828125,-1711.1923828125
holdout,4,xgb_gdelt_world_bank,2026-07-27,2026-08-24,5641.0,7609.15234375,-1968.15234375
